rank ,name ,revenues ,revenue_percent_change,profits ,profits_percent_change,assets,market_value ,change_in_rank,employees 
1,Walmart,572754.0,2.40,13673 ,1.20,244860.0,409795 ,-,2300000
2,Amazon,469822.0,21.70,33364 ,56.40,420549.0,1658807.30 ,-,1608000
3,Apple,365817.0,33.30,94680 ,64.90,351002.0,2849537.60 ,-,154000
4,CVS Health,292111.0,8.70,7910 ,10.20,232999.0,132839.20 ,-,258000
5,UnitedHealth Group,287597.0,11.80,17285 ,12.20,212206.0,479830.30 ,-,350000
6,Exxon Mobil,285640.0,57.40,23040 ,-,338923.0,349652.40 ,4,63000
7,Berkshire Hathaway,276094.0,12.50,89795 ,111.20,958784.0,779542.30 ,-1,372000
8,Alphabet,257637.0,41.20,76033 ,88.80,359268.0,1842326.10 ,1,156500
9,McKesson,238228.0,3.10,-4539,-604.30,65015.0,45857.80 ,-2,67500
10,AmerisourceBergen,213988.8,12.70,1539.90 ,-,57337.8,32355.70 ,-2,40000
11,Costco Wholesale,195929.0,17.50,5007 ,25.10,59268.0,255230.70 ,1,288000
12,Cigna,174078.0,8.50,5365 ,-36.60,154889.0,76286.30 ,1,72963
13,AT&T,168864.0,-1.70,20081 ,-,551622.0,169262.40 ,-2,202600
14,Microsoft,168088.0,17.50,61271 ,38.40,333779.0,2311358.90 ,1,181000
15,Cardinal Health,162467.0,6.20,611 ,-,44453.0,15709.40 ,-1,46827
16,Chevron,162465.0,71.60,15625 ,-,239535.0,317120.10 ,11,42595
17,Home Depot,151157.0,14.40,16433 ,27.70,71876.0,309312.60 ,1,490600
18,Walgreens Boots Alliance,148579.0,6.50,2542 ,457.50,81285.0,38671.10 ,-2,258500
19,Marathon Petroleum,141032.0,58.50,9738 ,-,85373.0,47758.10 ,13,17700
20,Elevance Health,138639.0,13.80,6104 ,33.50,97460.0,118533.50 ,3,98200
21,Kroger,137888.0,4.10,1655 ,-36,49086.0,41496.20 ,-4,420000
22,Ford Motor,136341.0,7.20,17937 ,-,257035.0,67958.20 ,-1,183000
23,Verizon Communications,133613.0,4.10,22065 ,24,366596.0,213837.10 ,-3,118400
24,JPMorgan Chase,127202.0,-1.80,48334 ,65.90,3743567.0,402526.90 ,-5,271025
25,General Motors,127004.0,3.70,10019 ,55.90,244718.0,63555.20 ,-3,157000
26,Centene,125982.0,13.40,1347 ,-25.50,78375.0,49072.20 ,-2,72500
27,Meta Platforms,117929.0,37.20,39370 ,35.10,165987.0,605251 ,7,71970
28,Comcast,116385.0,12.40,14159 ,34.40,275905.0,212245.80 ,-2,189000
29,Phillips 66,114852.0,75.40,1317 ,-,55594.0,41561 ,19,14000
30,Valero Energy,108332.0,80.20,930 ,-,57888.0,41572.20 ,23,9804
31,Dell Technologies,106995.0,13.60,5563 ,71.20,92735.0,38164.40 ,-3,133000
32,Target,106005.0,13.30,6946 ,59,53811.0,98134.40 ,-2,450000
33,Fannie Mae,101543.0,-4.60,22176 ,87.90,4229166.0,909.10 ,-8,7400
34,UPS,97287.0,15,12890 ,859.80,69405.0,186816.60 ,1,400945
35,Lowe's,96250.0,7.40,8442 ,44.70,44640.0,133761.10 ,-4,270000
36,Bank of America,93851.0,0.10,31978 ,78.70,3169495.0,332433.30 ,-7,208248
37,Johnson & Johnson,93775.0,13.60,20878 ,41.90,182018.0,466046.70 ,-1,141700
38,Archer Daniels Midland,85249.0,32.50,2709 ,52.90,56136.0,50769.20 ,13,39979
39,FedEx,83959.0,21.30,5231 ,306.80,82777.0,59971.30 ,6,484000
40,Humana,83064.0,7.70,2933 ,-12.90,44358.0,55154.90 ,1,95500
41,Wells Fargo,82407.0,2.60,21548 ,552.80,1948068.0,184225 ,-4,247848
42,State Farm Insurance,82224.7,4.20,1280.90 ,-65.70,325349.3,-,-3,53586
43,Pfizer,81288.0,94,21979 ,128.60,181476.0,292385.30 ,34,79000
44,Citigroup,79865.0,-10.10,21952 ,98.70,2291413.0,105330.10 ,-11,221768
45,PepsiCo,79474.0,12.90,7618 ,7,92377.0,231528.20 ,-1,309000
46,Intel,79024.0,1.50,19868 ,-4.90,168406.0,202635.80 ,-6,121100
47,Procter & Gamble,76118.0,7.30,14306 ,9.80,119307.0,366271.60 ,-4,101000
48,General Electric,74196.0,-6.80,-6520,-214.30,198874.0,100810.20 ,-10,168000
49,IBM,72344.0,-1.70,5743 ,2.70,132001.0,116928.30 ,-7,297800
50,MetLife,71080.0,4.80,6554 ,21.20,759708.0,57986.50 ,-4,43000
51,Prudential Financial,70934.0,24.40,7724 ,-,937582.0,44482.20 ,4,40916
52,Albertsons,69690.4,11.60,850.20 ,82.30,26598.0,16063.70 ,-,300000
53,Walt Disney,67418.0,3.10,1995 ,-,203609.0,249718.10 ,-3,171000
54,Energy Transfer,67417.0,73.10,5470 ,-,105963.0,34496.90 ,27,12558
55,Lockheed Martin,67044.0,2.50,6315 ,-7.60,50873.0,117648.20 ,-6,114000
56,Freddie Mac,65898.0,-0.50,12109 ,65.30,3025586.0,510.30 ,-9,7301
57,Goldman Sachs Group,64989.0,21.50,21635 ,128.70,1463988.0,117667.60 ,2,43900
58,Raytheon Technologies,64388.0,13.80,3864 ,-,161404.0,147640.90 ,-1,174000
59,HP,63487.0,12.10,6503 ,128.70,38610.0,38237.20 ,-3,51000
60,Boeing,62286.0,7.10,-4202,-,138552.0,113058.70 ,-6,142000
61,Morgan Stanley,61121.0,17.40,15034 ,36.70,1188140.0,155685.60 ,-,74814
62,HCA Healthcare,58752.0,14,6956 ,85.30,50742.0,75691.90 ,-,244000
63,AbbVie,56197.0,22.70,11542 ,150,146529.0,286332.40 ,5,50000
64,Dow,54968.0,42.60,6311 ,415.20,62990.0,46839.70 ,18,35700
65,Tesla,53823.0,70.70,5519 ,665.50,62131.0,1113707.80 ,35,99290
66,Allstate,53228.0,18.80,1599 ,-71.30,99440.0,38553.70 ,4,54500
67,AIG,52057.0,19,9388 ,-,596112.0,50608.20 ,5,36600
68,Best Buy,51761.0,9.50,2454 ,36.50,17504.0,20473.20 ,-2,81375
69,Charter Communications,51682.0,7.50,4654 ,44.40,142491.0,112803.40 ,-5,93700
70,Sysco,51297.8,-3,524.20 ,143.30,21413.5,41433.10 ,-10,57710
71,Merck,51216.0,6.70,13049 ,84.60,105694.0,207400.50 ,-6,67500
72,New York Life Insurance,51198.5,9.60,277.10 ,-,379984.6,-,-5,14344
73,Caterpillar,50971.0,22.10,6489 ,116.40,82793.0,119406.60 ,5,107700
74,Cisco Systems,49818.0,1,10591 ,-5.60,97497.0,231636.40 ,-11,79500
75,TJX,48550.0,51.10,3282.80 ,3528.60,28461.5,71195.30 ,22,340000
76,Publix Super Markets,48393.9,7.10,4412.20 ,11.10,31524.3,-,-7,232000
77,ConocoPhillips,48349.0,151.10,8079 ,-,90661.0,129605.10 ,79,9900
78,Liberty Mutual Insurance Group,48200.0,10.10,3068 ,304.70,156043.0,-,-7,45000
79,Progressive,47702.0,11.80,3350.90 ,-41.30,71132.3,66670.30 ,-5,49077
80,Nationwide,47376.0,13,1617.20 ,-,278412.2,-,-4,24134
81,Tyson Foods,47049.0,8.90,3047 ,47.80,36309.0,32487.80 ,-8,137000
82,Bristol-Myers Squibb,46385.0,9.10,6994 ,-,109314.0,155203.50 ,-7,32200
83,Nike,44538.0,19.10,5727 ,125.60,37740.0,212779.10 ,2,73300
84,Deere,44024.0,23.90,5963 ,116.80,84114.0,127456.60 ,4,75550
85,American Express,43663.0,14.30,8060 ,157.10,188548.0,141613 ,-2,64000
86,Abbott Laboratories,43075.0,24.50,7071 ,57.30,75196.0,208725.80 ,3,113000
87,StoneX Group,42534.2,-21.40,116.30 ,-31.40,18839.6,1494.40 ,-29,3242
88,Plains GP Holdings,42078.0,80.70,60 ,-,29978.0,2242.90 ,39,4100
89,Enterprise Products Partners,40806.9,50,4637.70 ,22.80,67525.6,56172.40 ,16,6911
90,TIAA,40526.4,-2.60,4060.70 ,627.60,698190.8,-,-11,15065
91,Oracle,40479.0,3.60,13746 ,35.60,131107.0,220736.60 ,-11,132000
92,Thermo Fisher Scientific,39211.0,21.70,7725 ,21.20,95123.0,231057.40 ,3,129000
93,Coca-Cola,38655.0,17.10,9771 ,26.10,94354.0,268769.70 ,-,79000
94,General Dynamics,38469.0,1.40,3257 ,2.80,50073.0,67081 ,-10,103100
95,CHS,38448.0,35.40,554 ,31.10,17576.3,-,8,9941
96,USAA,37469.6,3.20,3300 ,-15.50,210676.5,-,-9,37335
97,Northwestern Mutual,36751.2,8.80,977.80 ,130.10,334653.8,-,-7,7585
98,Nucor,36483.9,81.20,6827.50 ,846.30,25823.1,39954 ,51,28800
99,Exelon,36347.0,10,1706 ,-13.10,133013.0,46683.90 ,-7,31518
100,Massachusetts Mutual Life Insurance,35899.5,51.70,319.30 ,-,383292.4,-,23,10052
101,Northrop Grumman,35667.0,-3.10,7005 ,119.70,42579.0,69811.90 ,-15,88000
102,3M,35355.0,9.90,5921 ,10,47072.0,84738.30 ,-6,95000
103,Travelers,34816.0,8.90,3662 ,35.80,120466.0,44129.40 ,-5,30492
104,Arrow Electronics,34477.0,20.20,1108.20 ,89.60,19535.5,7951.30 ,-2,20700
105,Honeywell International,34392.0,5.40,5542 ,16,64470.0,133381 ,-11,99000
106,Dollar General,34220.4,1.40,2399.20 ,-9.60,26327.4,50953 ,-15,163000
107,Qualcomm,33566.0,42.60,9043 ,74,41240.0,172228.10 ,17,45000
108,Capital One Financial,32033.0,1.20,12390 ,356.50,432381.0,53260.40 ,-9,50767
109,TD Synnex,31614.2,28.10,395.10 ,-25.30,27666.4,9853.60 ,8,27000
110,Philip Morris International,31405.0,9.40,9109 ,13.10,41290.0,145614.70 ,-9,69600
111,World Fuel Services,31337.0,53.90,73.70 ,-32.80,5942.4,1715.50 ,36,4414
112,Performance Food Group,30398.9,21.20,40.70 ,-,7845.7,7880.90 ,2,22885
113,Delta Air Lines,29899.0,74.90,280 ,-,72459.0,25322 ,65,83000
114,American Airlines Group,29882.0,72.40,-1993,-,66467.0,11847.20 ,60,123400
115,Netflix,29697.8,18.80,5116.20 ,85.30,44584.7,166304.10 ,-,11300
116,Paramount Global,29579.0,13,4543 ,87.60,58620.0,24628.80 ,-7,25115
117,US Foods Holding,29487.0,28.80,164 ,-,12521.0,8392.30 ,11,28000
118,Danaher,29453.0,32.20,6433 ,76.40,83184.0,209993.40 ,12,79000
119,Jabil,29285.0,7.40,696 ,1191,16654.0,8857.30 ,-15,238000
120,Starbucks,29060.6,23.60,4199.30 ,352.40,31392.6,104642.80 ,5,383000
121,Mondelez International,28720.0,8,4300 ,21,67092.0,87159.20 ,-13,79000
122,Eli Lilly,28318.4,15.40,5581.70 ,-9.90,48806.0,272723.60 ,-4,35238
123,Hewlett Packard Enterprise,27784.0,3,3427 ,-,57699.0,21725.30 ,-17,60400
124,D.R. Horton,27774.2,36.70,4175.80 ,75.90,24015.9,26403.20 ,24,11788
125,Molina Healthcare,27771.0,43,659 ,-2.10,12209.0,19572.90 ,30,14000
126,CBRE Group,27746.0,16.50,1836.60 ,144.20,22073.5,30414.20 ,-4,105000
127,Micron Technology,27705.0,29.30,5861 ,118.10,58849.0,86977.20 ,8,43000
128,Broadcom,27450.0,14.90,6736 ,127.60,75570.0,257086.50 ,-7,20000
129,Gilead Sciences,27305.0,10.60,6225 ,4961,67952.0,74656.50 ,-13,14400
130,PBF Energy,27253.4,80.30,231 ,-,11641.4,2932.60 ,73,3418
131,Lennar,27130.7,20.60,4430.10 ,79.70,33207.8,23413 ,-2,10753
132,United Natural Foods,26992.0,0.90,149 ,-,7525.0,2409.30 ,-25,28300
133,NRG Energy,26989.0,196.80,2187 ,328.80,23182.0,9289 ,200,6635
134,Nvidia,26914.0,61.40,9752 ,125.10,44187.0,684878.60 ,50,22473
135,Occidental Petroleum,26772.0,60.50,2322 ,-,75036.0,53160.20 ,48,11678
136,Salesforce,26492.0,24.70,1444 ,-64.50,95209.0,210196.80 ,1,73541
137,Dollar Tree,26321.2,3.20,1327.90 ,-1,21721.8,36051.40 ,-26,136226
138,KKR,26141.3,171.50,4666.50 ,133,264285.4,51542.90 ,178,3238
139,Kraft Heinz,26042.0,-0.50,1012 ,184.30,93394.0,48248.60 ,-29,36000
140,Amgen,25979.0,2.20,5893 ,-18.90,61165.0,134700.80 ,-28,24200
141,AutoNation,25844.0,26.70,1373 ,259.80,8943.6,6111.40 ,4,22200
142,Penske Automotive Group,25554.7,25,1187.80 ,118.50,13464.6,7196.70 ,1,24797
143,PayPal Holdings,25371.0,18.30,4169 ,-0.80,75803.0,134732.80 ,-9,30900
144,Macy's,25292.0,39.80,1430 ,-,17590.0,7123.20 ,20,88857
145,Duke Energy,24677.0,5.20,3908 ,183.80,169587.0,85967 ,-19,27605
146,United Airlines Holdings,24634.0,60.40,-1964,-,68175.0,15049.70 ,54,84100
147,Visa,24105.0,10.30,12311 ,13.30,82896.0,480022.50 ,-14,21500
148,Rite Aid,24043.4,9.60,-90.90,-,9335.4,488.10 ,-16,50000
149,Cummins,24021.0,21.30,2131 ,19.10,23710.0,29140.90 ,1,59900
150,U.S. Bancorp,23714.0,-6,7963 ,60.60,573284.0,78929.80 ,-37,68796
151,Paccar,23522.3,25.60,1852.10 ,42.60,29301.7,30619.70 ,8,28500
152,McDonald's,23222.9,20.90,7545.20 ,59.50,53854.3,183873.60 ,5,200000
153,Southern,23113.0,13.40,2393 ,-23.30,127534.0,76877 ,-7,27164
154,C.H. Robinson Worldwide,23102.1,42.50,844.20 ,66.70,7028.1,13855.80 ,37,16877
155,Truist Financial,23064.0,-5.60,6440 ,43.70,541241.0,75353.90 ,-36,51462
156,Applied Materials,23063.0,34.10,5888 ,62.70,25825.0,116431.40 ,20,27000
157,Freeport-McMoRan,22845.0,60.90,4306 ,618.90,48022.0,72360.80 ,58,24700
158,Lithia Motors,22831.7,74,1060 ,125.40,11146.9,8909.80 ,73,21150
159,Blackstone,22577.1,270,5857.40 ,460.30,41196.4,88907.20 ,295,3795
160,Hartford Financial Services Group,22390.0,9.10,2365 ,36.20,76578.0,23815.60 ,-18,18100
161,Aflac,22106.0,-0.20,4325 ,-9.50,157542.0,41812.80 ,-30,12447
162,Whirlpool,21985.0,13,1783 ,64.90,20285.0,10101.20 ,-8,69000
163,Union Pacific,21804.0,11.60,6523 ,21.90,63525.0,171681.60 ,-10,32124
164,International Paper,21780.0,5.80,1752 ,263.50,25243.0,17301.10 ,-23,38200
165,Altria Group,21111.0,1.30,2475 ,-44.60,39523.0,94951.70 ,-27,6000
166,CDW,20820.8,12.70,988.60 ,25.40,13199.4,24140.20 ,-5,13900
167,ManpowerGroup,20724.4,15.10,382.40 ,1506.70,9828.9,5025.60 ,-2,30000
168,PG&E,20642.0,11.80,-102,-,103327.0,29433.70 ,-8,26000
169,Carrier Global,20613.0,18.10,1664 ,-16,26172.0,39127.40 ,2,58000
170,Baker Hughes,20502.0,-1,-219,-,35308.0,37410.20 ,-30,54000
171,Cleveland-Cliffs,20444.0,281.80,2988 ,-,18975.0,16891.20 ,330,26000
172,United States Steel,20275.0,108.10,4174 ,-,17816.0,9832.30 ,138,24540
173,Becton Dickinson,20248.0,18.30,2092 ,139.40,53866.0,75749.10 ,4,75000
174,CarMax,20092.1,-6.20,746.90 ,-15.90,21541.5,15598.90 ,-38,26889
175,Sherwin-Williams,19944.6,8.60,1864.40 ,-8.20,20666.7,65037.90 ,-13,61626
176,Builders FirstSource,19893.9,132.40,1725.40 ,450.30,10714.3,11408.90 ,174,28000
177,Marsh & McLennan,19820.0,15.10,3143 ,55.90,34388.0,85681.30 ,-2,83000
178,PNC Financial Services Group,19698.0,-18.10,5674 ,-24.50,557191.0,77203.40 ,-58,58547
179,Lumen Technologies,19687.0,-4.90,2033 ,-,57993.0,11533.40 ,-40,36000
180,Avnet,19534.7,10.80,193.10 ,-,8925.4,4016.90 ,-12,14500
181,Tenet Healthcare,19485.0,10.50,914 ,129.10,27579.0,9387.60 ,-14,88968
182,Kimberly-Clark,19440.0,1.60,1814 ,-22.90,17837.0,41496.10 ,-24,45000
183,Kohl's,19433.0,21.80,938 ,-,15054.0,7774.60 ,12,67000
184,BlackRock,19374.0,19.60,5901 ,19.60,152648.0,116186.20 ,8,18400
185,Jones Lang LaSalle,19367.0,16.70,961.60 ,138.90,15505.0,11945.50 ,1,98200
186,Lear,19263.1,13,373.90 ,135.90,13352.4,8513.10 ,-7,160100
187,Lincoln National,19230.0,10.30,1405 ,181.60,387301.0,11271.60 ,-15,10848
188,Charles Schwab,18996.0,56.90,5855 ,77.50,667270.0,159675.90 ,63,33400
189,Ross Stores,18916.2,50.90,1722.60 ,1917.50,13640.3,31741.70 ,53,100000
190,Mastercard,18884.0,23.40,8687 ,35.50,37669.0,349330.50 ,11,24000
191,Genuine Parts,18870.5,8.50,898.80 ,-,14352.1,17888.10 ,-18,52000
192,WestRock,18746.1,6.60,838.30 ,-,29254.3,12379 ,-22,49900
193,EOG Resources,18642.0,69,4664 ,-,38236.0,69796 ,92,2800
194,Cognizant Technology Solutions,18507.0,11.10,2137 ,53.50,17852.0,47035 ,-9,330600
195,Moderna,18471.0,2199.10,12202 ,-,24669.0,69424.30 ,-,2700
196,Steel Dynamics,18408.9,91.70,3214.10 ,483.50,12531.2,15811.50 ,123,10640
197,HF Sinclair,18389.1,64.40,558.30 ,-,12916.6,8895.80 ,82,4208
198,Texas Instruments,18344.0,26.90,7769 ,38.90,24676.0,169329.60 ,12,31000
199,Emerson Electric,18236.0,8.60,2303 ,17.20,24715.0,58241.70 ,-18,86700
200,WESCO International,18217.5,47.80,465.40 ,362.80,12617.7,6598.50 ,45,18000
201,General Mills,18127.0,2.80,2339.80 ,7.30,31841.9,40781.80 ,-32,35000
202,Tenneco,18035.0,17.30,35 ,-,11622.0,1523 ,-3,71000
203,Waste Management,17931.0,17.80,1816 ,21.40,29097.0,65802.80 ,-1,48500
204,Viatris,17886.3,49.70,-1269.10,-,54842.8,13160.20 ,50,37000
205,DISH Network,17881.1,15.40,2410.60 ,36.80,48001.7,16743.10 ,-8,14500
206,L3Harris Technologies,17814.0,-2.10,1846 ,65,34709.0,47969.60 ,-43,47000
207,DXC Technology,17729.0,-9.40,-149,-,22038.0,7977.30 ,-55,134000
208,Block,17661.2,86,166.30 ,-22,13925.8,78655.90 ,115,8521
209,Goodyear Tire & Rubber,17478.0,41.90,764 ,-,21402.0,4029.30 ,37,72000
210,Uber Technologies,17455.0,56.70,-496,-,38774.0,69753 ,71,29300
211,Colgate-Palmolive,17421.0,5.80,2166 ,-19.60,15040.0,63742.20 ,-23,33800
212,Stanley Black & Decker,17252.7,18.70,1689.20 ,36.90,28180.0,22843.30 ,-3,71300
213,DuPont,17160.0,-15.90,6467 ,-,45707.0,37739.70 ,-69,28000
214,Stryker,17108.0,19.20,1994 ,24.70,34631.0,100978.10 ,-2,46000
215,NextEra Energy,17069.0,-5.20,3573 ,22.40,140912.0,166264.10 ,-49,15000
216,Targa Resources,16949.8,105.20,71.20 ,-,15208.2,17243.80 ,148,2430
217,Western Digital,16922.0,1.10,821 ,-,26132.0,15536.40 ,-35,65600
218,PPG Industries,16802.0,21.50,1439 ,35.90,21351.0,30951.90 ,2,49300
219,American Electric Power,16792.0,12.60,2488.10 ,13.10,87668.7,50338.60 ,-15,16688
220,Gap,16670.0,20.80,256 ,-,12761.0,5206.60 ,1,97000
221,BJ's Wholesale Club,16667.3,8,426.70 ,1.30,5668.9,9146.90 ,-23,34000
222,Reinsurance Group of America,16658.0,14.10,617 ,48.70,92175.0,7354.60 ,-15,3500
223,Kinder Morgan,16610.0,42,1784 ,1399.20,70416.0,42878.10 ,39,10529
224,Oneok,16540.3,93.60,1499.70 ,144.70,23621.6,31516 ,127,2847
225,Expeditors Intl. of Washington,16523.5,72.40,1415.50 ,103.30,7609.9,17268.80 ,74,19070
226,Advanced Micro Devices,16434.0,68.30,3162 ,27,12419.0,177936.10 ,83,15500
227,Fiserv,16226.0,9.30,1334 ,39.20,76249.0,66132.80 ,-22,44000
228,Est√©e Lauder,16215.0,13.40,2870 ,319.60,21971.0,97672.10 ,-15,53320
229,Bank of New York Mellon,16158.0,-4.60,3759 ,3.90,444438.0,40056.70 ,-49,49100
230,Laboratory Corp. of America,16120.9,15.30,2377.30 ,52.80,20385.4,24625.80 ,-12,71725
231,Regeneron Pharmaceuticals,16071.7,89.10,8075.30 ,129.90,25434.8,75806 ,123,10368
232,Land O'Lakes,15916.4,14.10,287.40 ,8.50,9560.0,-,-13,9000
233,Cheniere Energy,15864.0,69.50,-2343,-,39258.0,35272.30 ,95,1550
234,Southwest Airlines,15790.0,74.50,977 ,-,36320.0,27129.30 ,102,55093
235,Adobe,15785.0,22.70,4822 ,-8.30,27241.0,215280.50 ,-1,25988
236,Synchrony Financial,15752.0,-4.40,4221 ,204.80,95748.0,18145.50 ,-49,18000
237,Corteva,15655.0,10.10,1759 ,158.30,42344.0,41774.90 ,-23,21000
238,Fidelity National Financial,15643.0,45.10,2422 ,69.70,60690.0,13849.60 ,50,28290
239,DTE Energy,15369.0,26.20,907 ,-33.70,39719.0,25614.60 ,11,10300
240,Murphy USA,15318.8,61.20,396.90 ,2.80,4048.2,4888.60 ,82,10430
241,Halliburton,15295.0,5.90,1457 ,-,22321.0,34028.90 ,-30,40000
242,Automatic Data Processing,15005.4,2.80,2598.50 ,5.40,48772.5,95577.10 ,-34,56000
243,Edison International,14905.0,9.80,759 ,2.70,74745.0,26693.80 ,-17,13003
244,BorgWarner,14838.0,46,537 ,7.40,16575.0,9335 ,51,49300
245,Nordstrom,14789.0,38,178 ,-,8869.0,4321.30 ,44,72000
246,Loews,14657.0,16.50,1578 ,-,81626.0,15971.30 ,-7,10340
247,Guardian Life Ins. Co. of America,14647.8,8,288.80 ,1128.50,90419.7,-,-20,9150
248,Pioneer Natural Resources,14643.0,119,2118 ,-,36811.0,60728.30 ,180,1932
249,AutoZone,14629.6,15.80,2170.30 ,25.20,14516.2,40582.60 ,-11,85050
250,Lam Research,14626.2,45.60,3908.50 ,73.60,15892.2,74996.70 ,54,14100
251,American Family Insurance Group,14611.9,11.80,734.50 ,82.20,36316.4,-,-19,13590
252,Illinois Tool Works,14455.0,15,2694 ,27.70,16077.0,65311.90 ,-12,45000
253,Parker-Hannifin,14347.6,4.80,1746.10 ,44.70,20341.2,36456.80 ,-30,54640
254,Otis Worldwide,14298.0,12.10,1246 ,37.50,12279.0,32700.90 ,-18,70000
255,Omnicom Group,14289.4,8.50,1407.80 ,48.90,28421.8,17565.70 ,-26,71700
256,Principal Financial,14262.7,-3.20,1710.60 ,22.60,304657.2,19176.70 ,-50,18600
257,Dominion Energy,14218.0,-11.80,3288 ,-,99590.0,68883 ,-64,17100
258,Kellogg,14181.0,3,1488 ,18.90,18178.0,21890.20 ,-36,31000
259,Fluor,14156.8,-10.90,-440.20,-,7279.6,4051.70 ,-63,40582
260,AECOM,14112.4,-13.90,173.20 ,-,11734.0,10856.50 ,-71,51000
261,Reliance Steel & Aluminum,14093.3,59.90,1413 ,282.80,9536.0,11313.50 ,82,13950
262,Jacobs Engineering Group,14092.6,3.80,477 ,-3,14632.6,17807.40 ,-37,53500
263,Corning,14082.0,24.60,1906 ,272.30,30154.0,31212.80 ,14,61200
264,Farmers Insurance Exchange,14055.0,18.40,-366.80,-,21740.7,-,-8,11787
265,Qurate Retail,14044.0,-0.90,340 ,-71.80,16249.0,1807.40 ,-49,26745
266,Pacific Life,13936.0,38.50,1102 ,-,209486.0,-,37,3861
267,PulteGroup,13926.9,26.20,1946.30 ,38.30,13352.6,10115.70 ,17,6182
268,Fidelity National Information Services,13877.0,10.60,417 ,163.90,82931.0,61215.10 ,-27,65000
269,IQVIA Holdings,13874.0,22.10,966 ,246.20,24689.0,44140.80 ,6,79000
270,Marriott International,13857.0,31.10,1099 ,-,25553.0,57514.90 ,23,120000
271,Berry Global Group,13850.0,18.30,733 ,31.10,17882.0,7832.40 ,-10,47000
272,Ball,13811.0,17.20,878 ,50.10,19714.0,28909.10 ,-12,24300
273,Group 1 Automotive,13801.7,27.20,552.10 ,92.70,5749.4,2859.90 ,13,13711
274,Leidos Holdings,13737.0,11.70,753 ,19.90,13261.0,14727.70 ,-26,43000
275,Wayfair,13708.0,-3.10,-131,-170.80,4570.0,11641.60 ,-58,16681
276,Consolidated Edison,13676.0,11.70,1346 ,22.30,63116.0,33525.30 ,-27,13871
277,Ameriprise Financial,13443.0,12.40,2760 ,79.90,175979.0,33213 ,-24,12000
278,Xcel Energy,13431.0,16.50,1597 ,8.40,57851.0,39275.90 ,-6,11321
279,O'Reilly Automotive,13327.6,14.80,2164.70 ,23.50,11718.7,45410.40 ,-11,76158
280,Global Partners,13248.3,59.20,60.80 ,-40.50,2831.2,927.10 ,81,2960
281,Discover Financial Services,13221.0,2.10,5449 ,377.60,110242.0,31076.70 ,-48,16700
282,Rocket Companies,13175.6,-17.60,308.20 ,55.70,32774.9,21905.90 ,-88,26000
283,LKQ,13088.5,12.60,1090.90 ,70.90,12606.2,12941.40 ,-17,46000
284,W.W. Grainger,13022.0,10.40,1043 ,50.10,6592.0,26358 ,-26,23450
285,Quanta Services,12980.2,15.90,486 ,9.10,12855.2,18779.50 ,-7,43700
286,Crown Holdings,12979.0,12.10,-560,-196.70,13858.0,15460.60 ,-17,26000
287,Fox,12909.0,4.90,2150 ,115.20,22926.0,21423.20 ,-40,9000
288,Sempra,12857.0,7.70,1317 ,-66.50,72045.0,53087.60 ,-33,15390
289,Markel,12846.4,32,2425 ,197.20,48448.9,20037.50 ,22,20300
290,Carvana,12814.0,129.40,-135,-,7015.0,19549.50 ,193,21000
291,XPO Logistics,12806.0,-21.20,336 ,205.50,8707.0,8356.90 ,-101,44700
292,Baxter International,12784.0,9.50,1284 ,16.50,33521.0,39017.90 ,-28,60000
293,Ecolab,12733.1,-0.10,1129.90 ,-,21206.4,50548.40 ,-56,47000
294,Tractor Supply,12731.1,19.90,997.10 ,33.10,7767.5,26171.60 ,-3,34000
295,Andersons,12728.8,55.10,104 ,1248.70,4569.2,1708.20 ,71,2334
296,Keurig Dr Pepper,12683.0,9.20,2146 ,62,50598.0,53748.20 ,-29,27500
297,Universal Health Services,12642.1,9.40,991.60 ,5,13093.5,10843.10 ,-27,78850
298,CSX,12522.0,18.30,3781 ,36.70,40531.0,81587.80 ,-6,20919
299,Henry Schein,12401.0,22.60,631.20 ,56.30,8481.1,11960.10 ,-1,21600
300,Sonic Automotive,12396.4,26.90,348.90 ,-,4975.1,1728.80 ,8,10200
301,eBay,12394.0,9.20,13608 ,140.10,26626.0,33641.90 ,-25,10800
302,Textron,12382.0,6.30,746 ,141.40,15827.0,16090.60 ,-37,33000
303,Jones Financial (Edward Jones),12373.0,21.70,1605 ,24.90,32208.0,-,-8,50000
304,Community Health Systems,12368.0,4.90,230 ,-55,15217.0,1598.60 ,-45,58500
305,Mosaic,12357.4,42.30,1630.60 ,144.80,22036.4,24492.60 ,41,12525
306,Thor Industries,12317.4,50.80,659.90 ,195.90,6654.1,4330.90 ,62,31000
307,Dick's Sporting Goods,12293.4,28.30,1519.90 ,186.60,9041.7,7986.60 ,13,34300
308,Newmont,12222.0,6.30,1166 ,-58.80,40564.0,62968.10 ,-35,14400
309,Devon Energy,12206.0,139.80,2813 ,-,21025.0,39274.10 ,211,1600
310,Warner Bros. Discovery,12191.0,14.20,1006 ,-17.50,34427.0,12700.50 ,-20,11000
311,J.B. Hunt Transport Services,12168.3,26.30,760.80 ,50.30,6794.3,21052.90 ,4,33045
312,Alcoa,12152.0,30.90,429 ,-,15025.0,16603.40 ,18,12200
313,Peter Kiewit Sons',12149.0,-2.50,753 ,-8.80,6238.0,-,-70,28800
314,Aramark,12096.0,-5.70,-90.80,-,14376.2,9655.50 ,-79,248300
315,Vistra,12077.0,5.50,-1274,-300.30,29683.0,10434.70 ,-41,5060
316,State Street,12030.0,-0.40,2693 ,11.30,314624.0,31891.80 ,-64,38784
317,Unum Group,12013.8,-8.70,824.20 ,3.90,70115.6,6382.80 ,-87,10200
318,Alleghany,12004.1,34.90,1034.90 ,917.10,32268.7,11396.10 ,21,13313
319,Boston Scientific,11888.0,19.90,1041 ,-,32229.0,63310.20 ,-14,41000
320,Westlake,11778.0,57,2015 ,510.60,18459.0,15785.40 ,68,14550
321,Entergy,11742.9,16.10,1118.50 ,-19.40,59454.2,23760.40 ,-21,12369
322,International Flavors & Fragrances,11656.0,129.30,270 ,-25.70,39658.0,33455.60 ,200,24000
323,DaVita,11618.8,0.60,978.50 ,26.50,17121.5,10892.50 ,-52,69000
324,Mutual of Omaha Insurance,11459.3,3.30,579 ,-17.10,49852.7,-,-42,5739
325,Assurant,11410.0,13,1372.40 ,210.60,33911.5,10493.10 ,-23,15600
326,Liberty Media,11400.0,21.80,398 ,-,44351.0,15239.10 ,-,6886
327,Hormel Foods,11386.2,18.50,908.80 ,0.10,12696.3,28089.20 ,-10,20000
328,Icahn Enterprises,11328.0,85,-518,-,27746.0,15237.10 ,125,19536
329,Republic Services,11295.0,11.20,1290.40 ,33.40,24955.0,41841.70 ,-32,35000
330,Mohawk Industries,11200.6,17.30,1033.20 ,100.40,14224.5,8081.80 ,-9,43000
331,Conagra Brands,11184.7,1.20,1298.80 ,54.60,22195.6,16103.50 ,-48,18600
332,Norfolk Southern,11142.0,13.80,3005 ,49.30,38493.0,68389.30 ,-25,18100
333,AES,11141.0,15.30,-409,-989.10,32963.0,17172.10 ,-20,8450
334,AGCO,11138.3,21.70,897 ,110,9182.1,10885.30 ,-3,23300
335,Caesars Entertainment,11110.0,219.80,-1019,-,38031.0,16564.60 ,340,49000
336,Equitable Holdings,11036.0,-11.10,-439,-,292262.0,12041.20 ,-92,10000
337,Advance Auto Parts,10998.0,8.80,616.10 ,25,12194.2,12644.80 ,-36,54500
338,Biogen,10981.7,-18.30,1556.10 ,-61.10,23877.3,30950.40 ,-110,9610
339,Auto-Owners Insurance,10980.2,24,1318.40 ,59,32487.1,-,2,6441
340,Booking Holdings,10958.0,61.20,1165 ,1874.60,23641.0,96022.70 ,84,20199
341,Amphenol,10876.3,26.50,1590.80 ,32.20,14678.4,45130.10 ,8,90000
342,Quest Diagnostics,10788.0,14.30,1995 ,39.40,13611.0,16348.60 ,-18,44500
343,FirstEnergy,10758.0,3.10,1283 ,18.90,45432.0,26181.60 ,-49,12395
344,DCP Midstream,10707.0,69.90,391 ,-,13380.0,6993.20 ,98,1788
345,Ally Financial,10690.0,-0.80,3060 ,182,182114.0,14411.60 ,-58,10500
346,Delek US Holdings,10648.2,45.80,-203.50,-,6728.0,1500.20 ,51,3312
347,Williams,10627.0,37.70,1517 ,619,47612.0,40670.40 ,32,4783
348,Newell Brands,10589.0,12.80,572 ,-,14179.0,8902.40 ,-23,32000
349,Eastman Chemical,10476.0,23.60,857 ,79.30,15519.0,14450.10 ,6,14000
350,Air Products & Chemicals,10323.0,16.60,2099.10 ,11.30,26859.2,55409.40 ,-10,20750
351,Thrivent Financial for Lutherans,10312.7,26.50,2530.20 ,297.20,116524.8,-,18,3256
352,Molson Coors Beverage,10279.7,6.50,1005.70 ,-,27619.0,11631.80 ,-38,16300
353,Interpublic Group,10240.7,13,952.80 ,171.40,19909.2,13965.90 ,-19,55600
354,Weyerhaeuser,10201.0,35.40,2607 ,227.10,17652.0,28315 ,33,9214
355,Altice USA,10090.8,2,990.30 ,127,33215.0,5674.10 ,-49,9000
356,Raymond James Financial,9910.0,21.30,1403 ,71.50,61891.0,22817.50 ,11,15000
357,EMCOR Group,9903.6,12.60,383.50 ,188.50,5441.4,5931.80 ,-13,34000
358,Eversource Energy,9863.1,10.80,1220.50 ,1.30,48492.1,30403.20 ,-20,9227
359,Yum China Holdings,9853.0,19.20,990 ,26.30,13223.0,17679 ,4,298500
360,Asbury Automotive Group,9837.7,37.90,532.40 ,109.30,8002.6,3714.80 ,45,14200
361,Owens & Minor,9785.3,12.40,221.60 ,641.80,3536.6,3375.60 ,-16,17300
362,Public Service Enterprise Group,9722.0,1.20,-648,-134,48999.0,35145.50 ,-44,12684
363,United Rentals,9716.0,13.90,1386 ,55.70,20292.0,25643.30 ,-11,20400
364,MGM Resorts International,9680.1,87.50,1254.40 ,-,40899.1,18257.90 ,153,60500
365,Ryder System,9663.0,14.80,519 ,-,13834.3,4055.40 ,-8,42800
366,Intuit,9633.0,25.40,2062 ,12.90,15516.0,135987.60 ,14,17350
367,Cincinnati Financial,9629.7,27.80,2945.60 ,142.20,31386.7,21813.30 ,19,5166
368,Erie Insurance Group,9619.7,11,1130.10 ,-3.70,27297.3,-,-21,5805
369,Univar Solutions,9535.5,15.40,460.60 ,770.70,6777.8,5459.80 ,-7,9450
370,Huntington Ingalls Industries,9524.0,1.70,544 ,-21.80,10627.0,7991 ,-43,44000
371,W.R. Berkley,9455.5,16.70,1022.50 ,92.70,32086.4,17658.80 ,1,7681
372,Western & Southern Financial Group,9441.7,17.20,361.20 ,76.70,62876.7,-,2,2538
373,Insight Enterprises,9436.1,13.10,219.30 ,27.10,4689.1,3745.10 ,-13,11624
374,News Corp.,9358.0,3.90,330 ,-,16771.0,13127.70 ,-37,24000
375,American Tower,9356.9,16.40,2567.70 ,51.90,69887.9,114527.40 ,-,6378
376,Old Republic International,9341.6,30.40,1534.30 ,174.70,24981.8,7972.80 ,25,9600
377,Burlington Stores,9322.3,61.70,408.80 ,-,7089.5,12112.80 ,94,38599
378,Avis Budget Group,9313.0,72.40,1285 ,-,22600.0,14157 ,120,18500
379,ODP,9267.0,-4.60,-208,-,4865.0,2222.20 ,-67,26000
380,VF,9238.8,-21,407.90 ,-40,13754.0,22112.90 ,-117,33600
381,Bed Bath & Beyond,9233.0,-17.30,-150.80,-,6456.9,2170.50 ,-101,37600
382,Seaboard,9229.0,29.50,570 ,101.40,7503.0,4881.60 ,24,13200
383,First American Financial,9221.0,30.10,1241 ,78.20,16451.0,7087.20 ,26,22233
384,Intercontinental Exchange,9168.0,11.20,4058 ,94.30,193502.0,74044.80 ,-19,8858
385,PVH,9154.7,28.40,952.30 ,-,12396.8,5210 ,19,25000
386,Apollo Global Management,9124.0,332.20,1838.50 ,1073.90,30501.9,37194 ,552,2153
387,Jefferies Financial Group,9039.9,30,1674.40 ,116,60404.1,7933.90 ,32,5556
388,Hershey,8971.3,10.10,1477.50 ,15.50,10412.2,44461.50 ,-18,17805
389,NVR,8970.1,18.60,1236.70 ,37.20,5834.5,15010.50 ,-6,6600
390,Foot Locker,8958.0,18.70,893 ,176.50,8135.0,2850 ,-5,33244
391,Dana,8945.0,25.90,197 ,-,7632.0,2544.40 ,17,40200
392,SpartanNash,8931.0,-4.50,73.80 ,-2.80,2206.8,1185.10 ,-63,13300
393,Olin,8910.6,54.80,1296.70 ,-,8517.7,8062 ,79,7750
394,Chewy,8890.8,24.40,-73.80,-,2086.3,17147.30 ,9,21300
395,Jackson Financial,8848.0,-,3183 ,-,375484.0,3895.10 ,-,3150
396,Activision Blizzard,8803.0,8.90,2699 ,22.80,25056.0,62559.70 ,-23,9800
397,Toll Brothers,8790.4,24.20,833.60 ,86.70,11537.9,5515.40 ,14,5100
398,Carlyle Group,8782.1,199.30,2974.70 ,754.30,21250.4,17427.50 ,360,1850
399,Graybar Electric,8767.3,20.70,262.40 ,115.40,3069.0,-,-,8800
400,Ovintiv,8658.0,42.20,1416 ,-,14055.0,13987.50 ,58,1713
401,UFP Industries,8636.1,67.60,535.60 ,117.10,3245.3,4790.50 ,117,15000
402,Ulta Beauty,8630.9,40.30,985.80 ,460.70,4764.4,20837.80 ,49,28500
403,Constellation Brands,8614.9,3.30,1998 ,-,27104.8,43763.50 ,-44,9300
404,Expedia Group,8598.0,65.40,12 ,-,21548.0,30476.50 ,111,14800
405,CommScope Holding,8586.7,1.80,-462.60,-,13259.5,1629.70 ,-49,30000
406,Celanese,8537.0,51,1890 ,-4.80,11975.0,15434.10 ,71,8529
407,Global Payments,8523.8,14.80,965.50 ,65.20,45279.7,38545.60 ,-13,25000
408,Owens Corning,8498.0,20.50,995 ,-,10015.0,9064.70 ,5,20000
409,Campbell Soup,8476.0,-6.30,1002 ,-38.50,11734.0,13446.90 ,-74,14100
410,Huntsman,8453.0,40.30,1045 ,1.10,9392.0,8046.90 ,50,9000
411,Franklin Resources,8425.5,51.40,1831.20 ,129.20,24168.4,14019.30 ,73,10300
412,Avery Dennison,8408.3,20.60,740.10 ,33.10,7971.6,14327.40 ,5,36000
413,Masco,8375.0,14.90,410 ,-66.50,5575.0,12062.70 ,-15,20000
414,CenterPoint Energy,8352.0,-5.50,1486 ,-,37679.0,19285.80 ,-72,9418
415,Fifth Third Bancorp,8329.0,-0.90,2770 ,94.10,211116.0,29511.30 ,-57,19112
416,WEC Energy Group,8316.0,14.80,1300.30 ,8.40,38988.5,31483.50 ,-16,6938
417,S&P Global,8297.0,11.50,3024 ,29.30,15026.0,142343.50 ,-24,22850
418,FM Global,8274.6,21.70,2842.40 ,64.10,32160.5,-,5,5560
419,Polaris,8252.0,16.10,493.90 ,295.80,5047.8,6264.10 ,-12,16000
420,Williams-Sonoma,8245.9,21.60,1126.30 ,65.50,4625.6,10376 ,5,16600
421,Autoliv,8230.0,10.50,435 ,132.70,7537.0,6691.10 ,-29,58176
422,Arthur J. Gallagher,8209.4,17.20,906.80 ,10.70,33345.0,36598.60 ,-6,39000
423,Motorola Solutions,8171.0,10.20,1245 ,31.20,12189.0,40555.90 ,-28,18700
424,Zillow Group,8147.4,143.90,-527.80,-,10695.5,12287.10 ,268,8005
425,Opendoor Technologies,8021.0,210.50,-662,-,9506.0,5364.10 ,394,2816
426,J.M. Smucker,8002.7,2.60,876.30 ,12.40,16284.2,14686.40 ,-48,7100
427,Anywhere Real Estate,7983.0,28.30,343 ,-,7210.0,1852.10 ,18,9748
428,Oshkosh,7952.5,16,409.40 ,26.20,6721.8,6703.70 ,-6,15000
429,MasTec,7951.8,25.80,328.80 ,1.90,7121.4,6657 ,12,27000
430,GXO Logistics,7940.0,-,153 ,-,7271.0,8193 ,-,97500
431,APA,7928.0,84,973 ,-,13303.0,14332.30 ,164,2253
432,Boise Cascade,7926.1,44.80,712.50 ,307.20,2572.6,2740.40 ,61,6130
433,Dover,7907.1,18.30,1123.80 ,64.40,10403.6,22610.30 ,-4,25000
434,Genworth Financial,7882.0,-9,904 ,407.90,99171.0,1917.90 ,-86,2500
435,Bath & Body Works,7881.5,-33.50,1333.50 ,57.90,6026.0,11419.90 ,-178,32850
436,Booz Allen Hamilton Holding,7858.9,5.30,609 ,26.20,5499.6,11705.40 ,-45,27700
437,Coinbase Global,7839.4,513.70,3624.10 ,1024.40,21274.4,41670.40 ,-,3730
438,Zimmer Biomet Holdings,7836.2,11.60,401.60 ,-,23456.4,26772.30 ,-24,19500
439,Westinghouse Air Brake Technologies,7822.0,3.50,558 ,34.70,18454.0,17819.40 ,-55,25000
440,Zoetis,7776.0,16.50,2037 ,24.40,13900.0,89008.90 ,-9,12100
441,Packaging Corp. of America,7730.3,16.10,841.10 ,82.50,7836.8,14628.10 ,-8,15200
442,LPL Financial Holdings,7720.8,31.50,459.90 ,-2.70,7991.6,14608.80 ,24,5919
443,T. Rowe Price,7671.9,23.60,3082.90 ,29.90,12509.0,34442.60 ,4,7529
444,Fortune Brands Home & Security,7656.1,25.70,772.40 ,39.60,7936.2,9830.70 ,12,28056
445,Casey's General Stores,7654.2,-5.60,312.90 ,18.60,4460.3,7354.40 ,-74,27583
446,A-Mark Precious Metals,7613.0,39.40,159.60 ,423.20,1191.6,890.50 ,49,347
447,Hess,7583.0,57.80,559 ,-,20515.0,33155.20 ,96,1545
448,Vertex Pharmaceuticals,7574.4,22.10,2342.10 ,-13.60,13432.5,66436.90 ,-,3900
449,KeyCorp,7561.0,3.10,2625 ,95.50,186346.0,20592.50 ,-53,16974
450,Chipotle Mexican Grill,7547.1,26.10,653 ,83.50,6653.0,44347.40 ,14,97660
451,CMS Energy,7538.0,12.80,1353 ,79.20,28753.0,20292.20 ,-21,8813
452,Arconic,7504.0,32.20,-397,-,6580.0,2690.70 ,24,13900
453,Taylor Morrison Home,7501.3,22.40,663 ,172.40,8727.8,3301.60 ,-1,3000
454,American Financial Group,7462.0,-5.70,1995 ,172.50,28931.0,12367.80 ,-78,6600
455,UGI,7447.0,13.50,1467 ,175.80,16723.0,7599.10 ,-19,11300
456,Science Applications International,7394.0,4.80,277 ,32.50,5746.0,5166.10 ,-44,25090
457,Avantor,7386.1,15.50,572.60 ,391.10,13897.2,20629.10 ,-19,13500
458,Hanesbrands,7347.8,10.30,77.20 ,-,7071.4,5191.40 ,-26,58000
459,Clorox,7341.0,9.20,710 ,-24.40,6334.0,17108.70 ,-32,9000
460,KBR,7339.0,27.30,18 ,-,6199.0,7634.90 ,10,28000
461,TravelCenters of America,7336.8,51.40,58.50 ,-,3508.5,637.50 ,79,16540
462,Hertz Global Holdings,7336.0,39.50,366 ,-,19783.0,9508.90 ,46,23000
463,Analog Devices,7318.3,30.60,1390.40 ,13.90,52322.1,86441.20 ,18,24700
464,Securian Financial Group,7317.4,6.50,311.50 ,28.10,75169.4,-,-43,6941
465,Darden Restaurants,7196.1,-7.80,629.30 ,-,10656.1,16980.90 ,-88,156883
466,Graphic Packaging Holding,7156.0,9.10,204 ,21.90,10457.0,6154.40 ,-31,25000
466,NCR,7156.0,15.30,97 ,-,11641.0,5474.70 ,-20,38000
468,Brighthouse Financial,7142.0,-16,-108,-,259840.0,3958.70 ,-115,1500
469,PPL,7127.0,-6.30,-1480,-200.70,33223.0,21001.90 ,-87,5607
470,Cintas,7116.3,0.40,1111 ,26.80,8236.8,43566.70 ,-60,40000
471,Xerox Holdings,7038.0,0.20,-455,-337,13223.0,3123.30 ,-56,23300
472,Rockwell Automation,6997.4,10.50,1358.10 ,32.70,10701.6,32538.40 ,-32,24500
473,Citizens Financial Group,6986.0,-9,2319 ,119.40,188409.0,19135.70 ,-92,17463
474,KLA,6918.7,19.20,2078.30 ,70.80,10271.1,55170.90 ,-6,11425
475,Camping World Holdings,6913.8,26.90,278.50 ,127.60,4372.9,2664.60 ,21,12834
476,Ingredion,6894.0,15.10,117 ,-66.40,6999.0,5814.20 ,-13,12000
477,Veritiv,6850.5,8,144.60 ,322.80,2438.4,2008 ,-38,6100
478,Beacon Roofing Supply,6820.4,-1.80,243 ,-,5549.3,4175.90 ,-58,6676
479,Diamondback Energy,6797.0,141.60,2182 ,-,22898.0,24320 ,302,870
480,Victoria's Secret,6784.6,-,646.40 ,-,4344.0,4330.40 ,-,24000
481,Academy Sports and Outdoors,6773.1,19.10,671.40 ,117.40,4584.9,3433.50 ,-6,16508
482,Sanmina,6756.6,-2.90,269 ,92.50,4206.7,2569 ,-64,33500
483,ON Semiconductor,6739.8,28.30,1009.60 ,331.10,9626.0,27078.70 ,26,31650
484,Commercial Metals,6729.8,22.90,412.90 ,47.70,4638.7,5056.70 ,8,11089
485,EnLink Midstream,6685.9,71.70,22.40 ,-,8483.2,4670.60 ,145,1073
486,Southwestern Energy,6667.0,188.90,-25,-,11848.0,7989.70 ,407,938
487,Equinix,6635.5,10.60,500.20 ,35.30,27918.7,67280.50 ,-26,10944
488,Dillard's,6624.3,49.40,862.50 ,-,3245.6,4928.20 ,97,25350
489,Regions Financial,6605.0,-0.80,2521 ,130.40,162938.0,20860.90 ,-55,19626
490,Yum Brands,6584.0,16.50,1575 ,74.20,5966.0,34252.90 ,-12,25650
491,Landstar System,6540.4,58.10,381.50 ,98.60,2045.5,5600 ,115,1399
492,CF Industries Holdings,6538.3,58.50,917.10 ,189.30,12375.2,21551.30 ,117,3003
493,Northern Trust,6488.3,3,1545.30 ,27.80,183889.8,24215.10 ,-50,21100
494,Robert Half International,6461.4,26.50,598.60 ,95.50,2952.4,12638.10 ,25,14600
495,Compass,6421.0,72.60,-494.10,-,1800.6,3358.80 ,151,4775
496,Hasbro,6420.4,17.50,428.70 ,92.70,10037.8,11383.60 ,-2,6640
497,Roper Technologies,6415.8,16.10,1152.60 ,21.40,23713.9,49868.80 ,-9,19300
498,ARKO,6412.6,88.10,59.20 ,348.90,2942.3,1133.90 ,183,11236
499,Frontier Communications,6411.0,-10.40,-,-,16481.0,6763.10 ,-97,15640
500,Ameren,6394.0,10.40,990 ,13.70,35735.0,24198.70 ,-31,9116
501,O-I Glass,6357.0,4.40,149 ,-40.20,8832.0,2058 ,-46,24000
502,Chemours,6345.0,27.70,608 ,177.60,7550.0,5015 ,25,6400
503,Crown Castle International,6340.0,8.60,1096 ,3.80,39040.0,79937.30 ,-36,5000
504,Agilent Technologies,6319.0,18.40,1210 ,68.30,10705.0,39714 ,-2,17000
505,McCormick,6317.9,12.80,755.30 ,1.10,12905.8,26754 ,-23,14000
506,Skechers U.S.A.,6310.2,36.80,741.50 ,652.30,6491.3,6360.40 ,52,8950
507,Watsco,6280.2,24.20,418.90 ,55.40,3085.9,11842.60 ,17,6875
508,Live Nation Entertainment,6268.4,236.80,-650.90,-,14402.3,26425 ,486,16200
509,Lululemon athletica,6256.6,42.10,975.30 ,65.60,4942.5,46717.80 ,78,29000
510,ABM Industries,6228.6,4,126.30 ,42000,4436.2,3078.70 ,-48,124000
511,Post Holdings,6226.7,9.30,166.70 ,20737.50,12414.7,4284.40 ,-37,10735
512,Moody's,6218.0,15.80,2214 ,24.50,14680.0,62548.10 ,-12,13460
513,Select Medical Holdings,6204.5,12.20,402.20 ,55.30,7360.2,3208.60 ,-26,43200
514,Alaska Air Group,6176.0,73.20,478 ,-,13951.0,7314.30 ,147,21691
515,Big Lots,6150.6,-0.80,177.80 ,-71.70,3927.3,988.10 ,-66,23350
516,Amkor Technology,6138.3,21.50,643 ,90.20,6038.6,5313 ,9,30400
517,Sinclair Broadcast Group,6134.0,3.20,-414,-,12541.0,2008.10 ,-52,11500
518,RPM International,6106.3,10.90,502.60 ,65.10,6253.0,10560.80 ,-29,15490
519,M&T Bank,6105.8,-2.80,1858.70 ,37.40,155107.2,21875 ,-75,17342
520,Sprouts Farmers Market,6099.9,-5.70,244.20 ,-15.10,2923.1,3546.80 ,-83,31000
521,Huntington Bancshares,6080.0,16.10,1295 ,58.50,174064.0,21123.40 ,-11,18442
522,CACI International,6044.1,5.70,457.40 ,42.30,6172.4,7051.20 ,-49,22000
523,JetBlue Airways,6037.0,104.20,-182,-,13642.0,4786.90 ,229,17459
524,SVB Financial Group,6027.0,47.70,1833 ,51.70,211478.0,32901 ,89,6567
525,Fastenal,6010.9,6.40,925 ,7.70,4299.0,34187.90 ,-46,18370
526,GameStop,6010.7,18.10,-381.30,-,3499.3,12716.60 ,-5,22500
527,Knight-Swift Transportation Holdings,5998.0,28.30,743.40 ,81.30,10655.5,8386 ,24,27650
528,Airbnb,5991.8,77.40,-352,-,13708.5,110419.90 ,160,6132
529,Patterson,5912.1,7.70,156 ,-,2751.5,3160 ,-38,7800
530,Penn National Gaming,5905.0,65,420.80 ,-,16872.1,7140.20 ,129,21973
531,ServiceNow,5896.0,30.50,230 ,94.10,10798.0,111378 ,39,16881
532,Nasdaq,5886.0,4.60,1187 ,27.20,20115.0,29298.20 ,-52,5814
533,Brunswick,5846.2,34.50,593.30 ,59.20,5425.0,6197.30 ,59,18582
534,Resideo Technologies,5846.0,15.30,242 ,554.10,5853.0,3455.80 ,-11,13300
535,Chesapeake Energy,5809.0,11.50,-,-,11009.0,11135.90 ,-22,1300
536,Petco Health and Wellness,5807.1,18,164.40 ,-,6497.9,5930.20 ,-5,28495
537,Kemper,5793.0,11.30,-120.50,-129.40,14916.5,3606 ,-23,10300
538,Hilton Worldwide Holdings,5788.0,34.40,410 ,-,15441.0,42356.60 ,58,142000
539,Cerner,5764.8,4.70,555.60 ,-28.80,7434.2,27492.20 ,-49,25150
540,Levi Strauss,5763.9,29.50,553.50 ,-,5900.1,7874.70 ,40,16600
541,Tapestry,5746.3,15.80,834.20 ,-,8382.4,9807.20 ,-13,14250
542,NetApp,5744.0,6.10,730 ,-10.90,9360.0,18470.50 ,-45,11000
543,KB Home,5724.9,36.90,564.70 ,90.60,5835.9,2858.10 ,60,2244
544,Continental Resources,5719.3,121.10,1661 ,-,18591.1,22342.40 ,274,1254
545,Intuitive Surgical,5710.1,31,1704.60 ,60.70,13555.0,108361.90 ,46,9793
546,Under Armour,5683.5,27,360.10 ,-,4991.4,7712.40 ,32,12300
547,MDU Resources Group,5680.7,2.70,378.10 ,-3.10,8910.4,5419.30 ,-61,12826
548,Silgan Holdings,5677.1,15.30,359.10 ,16.30,7770.8,5104.30 ,-18,15720
549,Ryerson Holding,5675.3,63.70,294.30 ,-,2365.6,1344.60 ,127,4000
550,Ingersoll Rand,5655.2,15.20,562.50 ,-,15154.5,20541.20 ,-17,16000
551,Hologic,5632.3,49.10,1871.50 ,67.80,8919.9,19305.10 ,90,6705
552,Electronic Arts,5629.0,1.70,837 ,-72.50,13288.0,35577.40 ,-67,11000
553,Zebra Technologies,5627.0,26.50,837 ,66.10,6215.0,21959.10 ,28,9800
554,Coty,5616.2,-16.60,-201.30,-,13691.4,7540.60 ,-128,11430
555,Schneider National,5608.7,23.20,405.40 ,91.50,3937.3,4551.60 ,10,17050
556,Sonoco Products,5590.4,6.70,-85.50,-141.20,5073.2,6099.10 ,-45,20500
557,Concentrix,5587.0,-,405.60 ,-,5046.4,8605.20 ,-,290000
558,Evergy,5586.7,13.70,879.70 ,42.30,28520.5,15512.70 ,-26,4930
559,Cornerstone Building Brands,5583.1,20.90,665.90 ,-,5827.5,3088.70 ,-2,21700
560,Coca-Cola Consolidated,5562.7,11.10,189.60 ,9.90,3445.6,4657.30 ,-34,15050
561,Greif,5556.1,23.10,390.70 ,259.10,5815.8,3134 ,11,16000
562,Vulcan Materials,5552.2,14.30,670.80 ,14.80,13682.6,24412.70 ,-23,11912
563,Ametek,5546.5,22.20,990.10 ,13.50,11898.2,30787.30 ,3,18500
564,Monster Beverage,5541.4,20.50,1377.50 ,-2.30,7804.8,42295.80 ,-2,3775
565,Sealed Air,5533.8,12.90,506.80 ,0.80,6229.3,9920.70 ,-31,16500
566,NOV,5524.0,-9.30,-250,-,9550.0,7700.20 ,-109,27043
567,Las Vegas Sands,5505.0,52.40,-961,-,20059.0,29696.40 ,87,44600
568,Martin Marietta Materials,5493.2,16.10,702.50 ,-2.60,14393.0,24015.10 ,-22,10000
569,Marathon Oil,5467.0,77.20,946 ,-,16994.0,18349.50 ,164,1531
570,Mattel,5457.7,19.10,903 ,613.10,6393.9,7823.30 ,-7,36300
571,Microchip Technology,5438.4,3.10,349.40 ,-38.80,16478.8,41777.10 ,-66,19500
572,Harley-Davidson,5336.3,31.60,650 ,49978.90,11051.1,6062.90 ,42,5800
573,Telephone & Data Systems,5329.0,2,156 ,-31,13493.0,2163.40 ,-61,8800
574,ADT,5307.1,-0.10,-340.80,-,16894.4,6843 ,-70,25000
575,First Republic Bank,5305.0,17.70,1478 ,38.90,181087.0,29113.60 ,-1,6295
576,Warner Music Group,5301.0,18.80,304 ,-,7211.0,19485.70 ,3,5900
577,Pool,5295.6,34.50,650.60 ,77.40,3230.1,16967.10 ,47,5650
578,Old Dominion Freight Line,5256.3,30.90,1034.40 ,53.80,4821.5,34307.50 ,41,23663
579,Fortive,5254.7,13.40,608.40 ,-62.30,16465.5,21877.90 ,-23,18000
580,MDC Holdings,5254.7,34.70,573.70 ,56.10,4963.5,2692.70 ,49,2080
581,NGL Energy Partners,5243.2,-73.50,-639.80,-,5947.3,288.60 ,-430,997
582,Edwards Lifesciences,5232.5,19.30,1503.10 ,82.50,8502.6,73141.40 ,7,15700
583,Hanover Insurance Group,5227.8,8.30,418.70 ,16.70,14254.3,5317.90 ,-41,4400
584,Syneos Health,5213.0,18.10,234.80 ,21.80,8237.1,8436.70 ,2,27443
585,Xylem,5195.0,6.50,427 ,68.10,8276.0,15354.70 ,-47,16700
586,Church & Dwight,5190.1,6,827.50 ,5.30,7996.5,24119.10 ,-51,5100
587,American Axle & Manufacturing,5156.6,9.50,5.90 ,-,5635.7,888.30 ,-40,18000
588,Meritage Homes,5141.3,14.20,737.40 ,74.10,4807.5,2907.30 ,-11,1773
589,Workday,5138.8,19,29.40 ,-,10498.5,60583.40 ,5,15200
590,Rush Enterprises,5126.1,8.20,241.40 ,110.10,3120.0,2788.50 ,-45,7141
591,Yellow,5121.8,13.50,-109.10,-,2425.6,360.30 ,-18,32000
592,Encompass Health,5121.6,10.30,412.20 ,45,6864.9,7071.10 ,-38,35681
593,Simon Property Group,5116.8,11.10,2249.60 ,102.20,33777.4,43197.80 ,-33,2850
594,Globe Life,5112.9,7.90,745 ,1.80,29768.0,9977.30 ,-50,3222
595,Skyworks Solutions,5109.1,52.30,1498.30 ,83.90,8590.7,21547.50 ,95,10945
596,Endeavor Group Holdings,5077.7,46,-296.60,-,11434.5,20363.10 ,78,7700
597,Twitter,5077.5,36.60,-221.40,-,14059.5,30976.80 ,50,7500
598,Leggett & Platt,5072.6,18.50,402.40 ,62.50,5307.3,4659 ,-,20300
599,Western Union,5070.8,4.90,805.80 ,8.30,8823.5,7374.70 ,-58,10500
600,PerkinElmer,5067.2,34,943.20 ,29.60,15000.6,22009.40 ,39,16700
601,SS&C Technologies Holdings,5051.0,8.20,800 ,28,17333.0,19235.10 ,-49,24900
602,CUNA Mutual Group,5049.5,24.70,622.30 ,327.70,44345.0,-,13,4100
603,FMC,5045.2,8.70,736.50 ,33.50,10581.3,16563.80 ,-48,6400
604,Carlisle,5030.0,18.50,421.70 ,31.70,7246.8,12804.50 ,-5,11250
605,American Eagle Outfitters,5010.8,33.30,419.60 ,-,3786.6,2836.60 ,37,24000
606,Core & Main,5004.0,37.40,166 ,348.60,4434.0,5948.80 ,-,4100
607,Vertiv Holdings,4998.1,14.40,119.60 ,-,6939.6,5263.90 ,-17,24000
608,Broadridge Financial Solutions,4993.7,10.30,547.50 ,18.40,8119.8,18182.70 ,-40,13704
609,Ingles Markets,4987.9,8.20,249.70 ,39.80,2018.3,1691.40 ,-50,18460
610,TPG,4976.4,135.30,2180.90 ,198.10,8962.0,9304.90 ,-,1013
611,Insperity,4973.1,16,124.10 ,-10.20,1753.1,3849.80 ,-14,3600
612,Howmet Aerospace,4972.0,-5.50,258 ,-1.10,10219.0,15055.40 ,-105,19900
613,R.R. Donnelley & Sons,4963.7,-8.10,3.70 ,-96.20,3131.4,-,-114,32000
614,Keysight Technologies,4941.0,17.10,894 ,42.60,7781.0,28746.60 ,-13,14300
615,Tempur Sealy International,4930.8,34.10,624.50 ,79,4323.4,4997.70 ,37,12000
616,Scotts Miracle-Gro,4925.0,19.20,512.50 ,32.30,4800.0,6834.60 ,-9,8050
617,Equifax,4923.9,19.30,744.20 ,43.10,11040.9,29141.80 ,-9,12700
618,Kelly Services,4909.7,8.70,156.10 ,-,2894.2,856 ,-47,7400
619,NiSource,4899.6,4.70,584.90 ,-,24156.9,12891.20 ,-70,7307
620,OneMain Holdings,4895.0,-,1314 ,80,22079.0,6042.80 ,-84,8800
621,DoorDash,4888.0,69.40,-468,-,6809.0,40830.30 ,148,8600
622,Avient,4818.8,48.60,230.80 ,75.40,4997.2,4388.40 ,80,8700
623,Sanderson Farms,4799.7,34.70,455.10 ,1509.60,2345.0,4185.40 ,39,17662
624,TransDigm Group,4798.0,-7.40,680 ,-2.70,19315.0,36135.80 ,-108,13300
625,Stifel Financial,4783.1,25.30,824.90 ,63.80,34049.7,7226 ,8,8600
626,JELD-WEN Holding,4771.7,12.70,168.80 ,84.30,3738.7,1826 ,-26,24700
627,Ares Management,4770.6,122.80,408.80 ,168.70,21605.2,23821.10 ,-,2100
628,Elanco Animal Health,4765.0,45.60,-472,-,16483.0,12345.40 ,71,9800
629,Prologis,4759.4,7.20,2939.70 ,98.40,58486.2,119524.50 ,-45,2053
630,Welltower,4742.1,3,336.10 ,-65.70,34910.3,43001.50 ,-69,464
631,Darling Ingredients,4741.4,32.70,650.90 ,119.30,6133.7,12987.40 ,29,9900
632,Juniper Networks,4735.4,6.50,252.70 ,-2,8887.0,11986.60 ,-50,10191
633,Gartner,4734.0,15.50,793.60 ,197.50,7416.3,24477.20 ,-21,16600
634,Par Pacific Holdings,4710.1,50.70,-81.30,-,2570.3,783.30 ,91,1336
635,Hubbell,4703.5,12.40,399.50 ,13.80,5281.5,9959.60 ,-33,18300
636,CME Group,4689.7,-4,2636.40 ,25.20,196780.3,85492.30 ,-99,3480
637,Nexstar Media Group,4648.4,3.30,834.60 ,2.90,13264.5,7728.30 ,-61,11817
638,Tutor Perini,4641.8,-12.70,91.90 ,-15.20,4724.9,551.80 ,-135,7800
639,Antero Resources,4619.4,32.30,-186.90,-,13896.5,9608 ,33,519
640,Teledyne Technologies,4614.3,49.50,445.30 ,10.80,14430.3,22102.90 ,92,14500
641,Snap-on,4601.7,16.70,820.50 ,30.90,6759.7,10976.10 ,-18,12800
642,Rent-A-Center,4583.5,62.90,134.90 ,-35.20,2993.3,1486.90 ,138,14290
643,Covetrus,4575.0,5.40,-54,-,3410.0,2319.30 ,-50,4873
644,Crestwood Equity Partners,4569.0,102.70,-78.50,-,4445.7,2931.50 ,260,645
645,Louisiana-Pacific,4553.0,63.30,1377 ,176,2194.0,5344.10 ,142,4800
646,Urban Outfitters,4548.8,31.90,310.60 ,25030.70,3791.3,2421.40 ,32,16330
647,Penn Mutual Life Insurance,4545.6,22.80,522.90 ,82.20,44190.9,-,2,3194
648,Amerco,4542.0,14.20,610.90 ,38.20,14651.6,11704.70 ,-28,22052
649,TriNet Group,4540.0,12.50,338 ,24.30,3309.0,6482.50 ,-31,2800
650,Sentry Insurance Group,4526.2,26.20,739.90 ,266.70,23880.5,-,8,4064
651,Illumina,4526.0,39.70,762 ,16.20,15217.0,54855.80 ,55,10775
652,Iron Mountain,4491.5,8.30,450.20 ,31.40,14450.0,16059.50 ,-47,25000
653,LCI Industries,4472.7,60,287.70 ,81.60,3288.1,2624.50 ,131,13900
654,Marvell Technology,4462.4,50.30,-421,-,22108.6,60795.70 ,-,6712
655,PennyMac Financial Services,4450.2,-1.90,1003.50 ,-39.10,18776.6,2948.50 ,-88,7208
656,Digital Realty Trust,4427.9,13.40,1709.30 ,379.60,36369.6,40337.70 ,-29,3030
657,TreeHouse Foods,4405.5,-3.60,-12.50,-190.60,5207.0,1800 ,-93,10000
658,Ralph Lauren,4400.8,-28.60,-121.10,-131.50,7887.5,8073.20 ,-208,16200
659,Mattress Firm Group,4392.9,34.90,-165.10,-231.40,3539.1,-,-,8900
660,American National Group,4391.8,15.80,699.30 ,49.60,31320.3,5084.10 ,-24,4545
661,Autodesk,4386.4,15.70,497 ,-58.90,8606.8,46580 ,-24,12600
662,Domino's Pizza,4357.4,5.80,510.50 ,3.90,1671.8,14665.90 ,-52,10450
663,ASGN,4333.8,9.70,409.90 ,104.60,3502.8,6022.20 ,-41,3900
664,Flowers Foods,4330.8,-1.30,206.20 ,35.40,3253.3,5438.60 ,-76,8900
665,BlueLinx Holdings,4277.2,38.10,296.10 ,266.10,1317.5,699.50 ,62,2045
666,Palo Alto Networks,4256.1,24.90,-498.90,-,10241.6,61307.50 ,16,10473
667,Maximus,4254.5,22.90,291.20 ,35.80,4119.0,4641.10 ,10,35800
668,Dentsply Sirona,4251.0,27.20,421 ,-,9220.0,10708 ,23,15000
669,Hub Group,4232.4,21.10,171.50 ,133.10,2437.3,2678.50 ,2,4700
670,Voya Financial,4230.0,-53.70,2126 ,-,171262.0,7042.20 ,-338,5970
670,Bread Financial Holdings,4230.0,-6.40,801 ,274.80,21746.0,2804.60 ,-101,6000
672,Weis Markets,4224.4,2.70,108.80 ,-8.50,1910.5,1921.10 ,-61,24000
673,Century Communities,4216.3,33.40,498.50 ,141.80,3496.9,1783.20 ,44,1600
674,Synopsys,4204.2,14.10,757.50 ,14,8752.3,51023.20 ,-23,16361
675,Brink's,4200.2,13.80,105.20 ,557.50,5566.7,3234.40 ,-25,73350
676,Lennox International,4194.1,15.40,464 ,30.20,2171.9,9447.20 ,-23,11000
677,Service Corp. International,4143.1,18,802.90 ,55.60,15691.2,10581.30 ,-7,20840
678,Conduent,4140.0,-0.60,-28,-,4036.0,1111.60 ,-74,60000
679,Timken,4132.9,17.60,369.10 ,29.70,5170.7,4539.60 ,-10,18029
680,Domtar,4132.0,-11.10,-27,-,4854.0,-,-127,6100
681,Bloomin' Brands,4122.4,30,215.60 ,-,3294.3,1966.60 ,33,82000
682,CNO Financial Group,4122.2,7.90,441 ,46.10,36204.4,2945.70 ,-50,3350
683,Snap,4117.0,64.20,-488,-,7536.3,58458.40 ,156,5661
684,Zoom Video Communications,4099.9,54.60,1375.60 ,104.60,7551.3,35066.30 ,126,6787
685,Patrick Industries,4078.1,64,224.90 ,131.70,2650.7,1408.20 ,159,11000
686,Paychex,4056.8,0.40,1097.50 ,-0.10,9227.2,49268 ,-69,15000
687,Atlas Air Worldwide Holdings,4030.8,25.50,493.30 ,36.90,6443.2,2523.40 ,21,4056
688,Bright Health Group,4029.4,233.70,-1184.90,-,3598.3,1213.50 ,-,3203
689,Peloton Interactive,4021.8,120.30,-189,-,4485.6,8760.90 ,-,8662
690,Country Financial,4016.2,65.30,419.20 ,47.40,16327.2,-,164,3149
691,Qorvo,4015.3,24,733.60 ,119.40,7221.5,13456.40 ,14,8750
692,Catalent,3998.0,29.20,585 ,165.10,9112.0,19862.70 ,36,17300
693,Mercury General,3993.4,5.50,247.90 ,-33.80,6772.5,3045.40 ,-55,4300
694,AMN Healthcare Services,3984.2,66.40,327.40 ,363.30,3131.9,4796.10 ,168,3800
695,Tri Pointe Homes,3982.2,22.10,469.30 ,66.30,4336.2,2160.10 ,5,1390
696,ArcBest,3980.1,35.40,213.50 ,200.30,2112.7,1979.70 ,59,14000
697,Toro,3959.6,17.20,409.90 ,24.30,2936.1,8936.90 ,-10,10982
698,Spirit AeroSystems Holdings,3953.0,16.10,-540.80,-,7737.3,5130.60 ,-14,16100
699,Align Technology,3952.6,59.90,772 ,-56.50,5942.1,34354.80 ,151,22540
700,loanDepot,3943.2,-11.30,113.50 ,-94.40,11812.3,1290.30 ,-117,11307
701,APi Group,3940.0,9.80,47 ,-,5159.0,4891.10 ,-45,13300
702,American Water Works,3930.0,4.10,1263 ,78.10,26075.0,30085.50 ,-62,6400
703,Matson,3925.3,64.70,927.40 ,380.30,3693.1,4927.50 ,163,4259
704,Diebold Nixdorf,3905.2,0.10,-78.80,-,3507.2,531.20 ,-76,22000
705,Marriott Vacations Worldwide,3890.0,34.80,49 ,-,9613.0,6620 ,64,20300
706,Terex,3886.8,26.10,220.90 ,-,2863.5,2485.50 ,29,8600
707,Sally Beauty Holdings,3875.0,10.30,239.90 ,111.80,2847.1,1720.50 ,-39,29000
708,Enovis,3854.3,25.50,71.70 ,68.10,8515.3,6419.30 ,29,16200
709,IAC/InterActiveCorp,3845.1,26.20,597.50 ,121.50,12300.3,9001.40 ,31,13200
710,Meritor,3833.0,25.90,199 ,-18.80,2938.0,2519.40 ,32,9600
711,Ventas,3828.0,0.90,49 ,-88.80,24717.8,24676.20 ,-77,434
712,GoDaddy,3815.7,15,242.30 ,-,7417.1,14018.70 ,-15,6611
713,Regal Rexnord,3810.3,31.10,209.90 ,10.90,10281.6,10002.10 ,50,30000
714,Puget Energy,3805.7,14.40,260.80 ,42.80,15871.9,-,-19,3185
715,Clean Harbors,3805.6,21,203.20 ,50.70,5653.7,6073.80 ,6,18300
716,Pinnacle West Capital,3803.8,6,618.70 ,12.40,22003.2,8820 ,-59,5872
717,eXp World Holdings,3771.2,109.70,81.20 ,160.90,413.8,3149.30 ,-,1669
718,Mueller Industries,3769.3,57.20,468.50 ,235.90,1728.9,3100.40 ,143,5337
719,Wynn Resorts,3763.7,79.60,-755.80,-,12530.8,9243.30 ,221,26950
720,RH,3758.8,32,688.50 ,153.30,5540.5,7079 ,57,6100
721,EPAM Systems,3758.1,41.30,481.70 ,47.20,3523.2,16870.70 ,87,58824
722,M/I Homes,3745.9,23,396.90 ,65.40,3239.9,1262.20 ,19,1657
723,Generac Holdings,3737.2,50.40,550.50 ,57,4877.8,18960.30 ,122,9248
724,Mettler-Toledo International,3717.9,20.50,769 ,27.60,3326.8,31220.30 ,10,16700
725,Abercrombie & Fitch,3712.8,18.80,263 ,-,2939.5,1619.50 ,-1,19250
726,Teradyne,3702.9,18.60,1014.60 ,29.40,3809.4,19202.60 ,-,5900
727,American Equity Investment Life Holding,3689.5,52.20,474 ,-29.40,78349.1,3869.20 ,130,850
728,Southwest Gas Holdings,3680.5,11.60,200.80 ,-13.60,12765.3,5233.60 ,-30,12720
729,Pitney Bowes,3673.6,3.40,-1.40,-,4958.9,900.10 ,-65,11500
730,Lamb Weston Holdings,3670.9,-3.20,317.80 ,-13.10,4209.4,8699.10 ,-95,7800
731,Alliant Energy,3669.0,7.40,659 ,7.30,18553.0,15670.60 ,-51,3313
732,Resolute Forest Products,3664.0,30.90,307 ,2970,3538.0,991.70 ,51,6900
733,Parsons,3660.8,-6.60,64.10 ,-35,3830.9,4012 ,-108,15500
734,Trimble,3659.1,16.20,492.70 ,26.40,7099.6,18122.70 ,-14,11931
735,OGE Energy,3653.7,72.20,737.30 ,-,12606.4,8164.20 ,198,2185
736,Garrett Motion,3633.0,19.70,-,-,2706.0,463.90 ,7,7600
737,Winnebago Industries,3629.8,54.10,281.90 ,358.80,2062.6,1770.90 ,140,6532
738,Ciena,3620.7,2.50,500.20 ,38.40,4865.2,9223.40 ,-72,7205
739,PriceSmart,3619.9,8.70,98 ,25.40,1705.8,2434.10 ,-45,10400
740,Advantage Solutions,3602.3,14.20,54.50 ,-,5854.3,2029.60 ,-22,45000
741,H&R Block,3588.6,35.90,683.90 ,-,4014.4,4284.60 ,70,38000
742,iHeartMedia,3558.3,20.70,-159.20,-,8881.3,2728.10 ,11,9990
743,Super Micro Computer,3557.4,6.50,111.90 ,32.70,2242.0,1963 ,-50,4155
744,Flowserve,3541.1,-5,125.90 ,-3.40,4749.8,4681.40 ,-101,16000
745,Charles River Laboratories International,3540.2,21.10,391 ,7.30,7024.3,14425.40 ,15,19300
746,A.O. Smith,3538.9,22.20,487.10 ,41.20,3474.4,10032.20 ,21,13700
747,New Residential Investment,3533.1,512.80,772.20 ,-,39742.2,5125 ,-,12296
748,Medical Mutual of Ohio,3514.8,-0.30,78.30 ,-22,2646.4,-,-81,2834
749,Granite Construction,3501.9,-1.70,10.10 ,-,2494.9,1504.70 ,-86,2600
750,Valmont Industries,3501.6,20.90,195.60 ,39,3447.2,5083.40 ,16,11041
751,Sprague Resources,3498.2,49.80,-68.90,-303.80,1418.3,433.70 ,135,757
752,Primoris Services,3497.6,0.20,115.60 ,10.10,2543.3,1269.80 ,-79,10810
753,Cboe Global Markets,3494.8,2,529 ,13,6814.5,12148.20 ,-74,1196
754,Carter's,3486.4,15.30,339.70 ,209.70,3201.8,3763.40 ,-9,15900
755,TopBuild,3486.2,28.30,324 ,31.20,4258.5,5987.10 ,40,13006
756,SiteOne Landscape Supply,3475.7,28.50,238.40 ,96.50,2116.1,7255.50 ,46,5475
757,Texas Roadhouse,3463.9,44.40,245.30 ,684.80,2512.0,5787.80 ,103,73300
758,Akamai Technologies,3461.2,8.20,651.60 ,17,8138.7,19210 ,-47,8700
759,Acuity Brands,3461.0,4,306.30 ,23.40,3575.1,6628.90 ,-63,13000
759,Brown-Forman,3461.0,2.90,903 ,9.20,6522.0,31376.60 ,-70,4700
761,Navient,3454.0,-7.30,717 ,74,80605.0,2592.30 ,-117,5263
762,Coterra Energy,3449.0,135.20,1158 ,477.50,19900.0,21872.10 ,-,936
763,Option Care Health,3438.6,13.40,139.90 ,-,2790.9,5139 ,-19,6334
764,Floor & Decor Holdings,3433.5,41.50,283.20 ,45.30,3730.7,8573.80 ,92,9276
765,Public Storage,3415.8,17.20,1953.30 ,43.90,17380.9,68438.20 ,-3,5800
766,Cabot,3409.0,30.40,250 ,-,3306.0,3871.10 ,47,4500
767,Crane Holdings,3408.0,16,435.40 ,140.60,4486.6,6158.90 ,-10,11000
768,Atmos Energy,3407.5,20.80,665.60 ,10.70,19608.7,16182.80 ,10,4684
769,Selective Insurance Group,3379.2,15.60,403.80 ,63.90,10461.4,5391.50 ,-8,2440
770,Take-Two Interactive Software,3372.8,9.20,588.90 ,45.60,6028.2,17744.10 ,-40,6495
771,Boyd Gaming,3369.8,54.70,463.80 ,-,6224.2,7234 ,145,15114
772,Plexus,3368.9,-0.60,138.90 ,18.20,2461.9,2298.60 ,-87,19200
773,ScanSource,3364.2,-6.80,10.80 ,-,1671.7,890.80 ,-118,2200
774,Franchise Group,3362.7,56.20,363.80 ,1351.40,3913.2,1669.60 ,150,11895
775,NLV Financial,3350.8,30.20,392.10 ,102.50,41942.4,-,48,1157
776,CrossAmerica Partners,3350.5,87.10,21.70 ,-79.80,1270.1,826.50 ,-,2218
777,Mr. Cooper Group,3344.0,22.40,1454 ,376.70,14204.0,3369.40 ,15,8200
778,Fortinet,3342.2,28.80,606.80 ,24.20,5919.1,54957.10 ,38,10195
779,Brinker International,3337.8,8.40,131.60 ,439.30,2274.9,1701.90 ,-43,59491
780,Albemarle,3328.0,6.40,123.70 ,-67.10,10974.1,25899.40 ,-57,6000
781,Peabody Energy,3318.3,15.20,360.10 ,-,4949.8,3391.50 ,-9,4900
782,Light & Wonder,3310.0,21.50,371 ,-,7883.0,5679.70 ,12,5600
783,Evercore,3307.1,44.70,740.10 ,111.10,3802.7,4275.10 ,116,1940
784,Stewart Information Services,3305.8,44.50,323.20 ,108.70,2813.4,1635.10 ,114,7300
785,Central Garden & Pet,3303.7,22.60,151.70 ,25.70,3116.7,2286.50 ,19,6750
786,GMS,3298.8,1.80,105.60 ,351.50,2483.9,2142.10 ,-83,5843
787,H.B. Fuller,3278.0,17.50,161.40 ,30.50,4274.5,3505.20 ,-1,6500
788,Middleby,3250.8,29.30,488.50 ,135.70,6383.6,8961.10 ,49,10624
789,Renewable Energy Group,3244.1,51.80,213.80 ,74.10,2558.9,3056.20 ,139,1196
790,MSC Industrial Direct,3243.2,1.60,216.90 ,-13.60,2462.1,4758.30 ,-78,6472
791,Vishay Intertechnology,3240.5,29.50,298 ,142.40,3543.3,2840.10 ,49,22800
792,Applied Industrial Technologies,3235.9,-0.30,144.80 ,502.10,2271.8,3947.90 ,-91,5947
793,Lincoln Electric Holdings,3234.2,21.80,276.50 ,34.10,2592.3,8079.10 ,16,11000
794,First Horizon,3234.0,-4.60,999 ,18.20,89092.0,12542.90 ,-108,7676
795,Spirit Airlines,3230.8,78.50,-472.60,-,8540.0,2375.40 ,-,9823
796,AptarGroup,3227.2,10.20,244.10 ,14,4141.4,7702.90 ,-37,13000
797,Citrix Systems,3217.2,-0.60,307.50 ,-39,6975.5,12704.60 ,-90,9700
798,IDEXX Laboratories,3215.4,18.80,744.80 ,28,2437.2,46089.30 ,2,10350
799,Tetra Tech,3213.5,7.30,232.80 ,33.90,2576.6,8906.70 ,-51,21000
800,Lyft,3208.3,35.70,-1009.40,-,4773.9,13384.60 ,75,4453
801,Gannett,3208.1,-5.80,-135,-,2828.1,643.90 ,-118,16300
802,ResMed,3196.8,8.10,474.50 ,-23.70,4728.1,35463.30 ,-51,7970
803,Designer Brands,3196.6,43,154.50 ,-,2014.6,991.40 ,104,13500
804,Graham Holdings,3186.0,10.30,352.10 ,17.20,7425.5,3000.60 ,-36,15048
805,Vroom,3184.3,134.50,-370.90,-,2366.8,364.70 ,-,1807
806,Worthington Industries,3171.4,3.70,723.80 ,818.60,3373.2,2537.80 ,-68,9000
807,Calumet Specialty Products Partners,3148.0,38.80,-260.10,-,2127.9,1070.80 ,96,1450
808,Xilinx,3147.6,-0.50,646.50 ,-18.40,5519.2,-,-92,4890
809,TransUnion,3145.0,15.80,1387.10 ,304.20,12635.0,19882.60 ,-13,10200
810,Travel + Leisure,3134.0,45.10,308 ,-,6588.0,4966.20 ,112,16800
811,Callaway Golf,3133.4,97.10,322 ,-,7747.8,4337.10 ,-,24800
812,Dycom Industries,3130.5,-2.10,48.60 ,41.50,2118.2,2821 ,-102,15024
813,Columbia Sportswear,3126.4,25,354.10 ,227.80,3067.1,5840.40 ,28,8325
814,II-VI,3105.9,30.50,297.60 ,-,6512.7,7708.20 ,54,22961
815,Change Healthcare,3090.4,1470.40,-112.20,-,10112.6,6799.30 ,-,15000
816,Grocery Outlet Holding,3079.6,-1.80,62.30 ,-41.60,2669.8,3148 ,-94,875
817,AMC Networks,3077.6,9.30,250.60 ,4.40,5748.9,1721.70 ,-38,1883
818,Hyster-Yale Materials Handling,3075.7,9.40,-173,-566.30,1970.1,561.20 ,-36,8100
819,ChampionX,3075.0,61.80,113.30 ,-,3534.7,4976.70 ,167,7000
820,Comfort Systems USA,3073.6,7.60,143.30 ,-4.50,2209.1,3200.50 ,-44,13200
821,EQT,3064.7,0.20,-1155.80,-,21607.4,12955.40 ,-82,693
822,Brown & Brown,3051.4,16.80,587.10 ,22.20,9795.4,20395.70 ,-8,12023
823,LGI Homes,3050.1,28.80,429.60 ,32.60,2351.9,2322.40 ,50,952
824,Hyatt Hotels,3028.0,46.60,-222,-,12603.0,10498.30 ,122,44000
825,Comerica,3024.0,-2.30,1168 ,146.40,94616.0,11854.40 ,-96,7442
826,Energizer Holdings,3021.5,5.60,160.90 ,-,5007.5,2191.70 ,-51,6000
827,Hill-Rom Holdings,3018.7,4.80,248.50 ,11.40,4999.1,-,-54,10000
828,Rackspace Technology,3009.5,11.20,-218.30,-,6328.7,2365.60 ,-29,6600
829,Verisk Analytics,2998.6,7.70,666.20 ,-6.50,7808.1,34616.20 ,-41,9367
830,Spectrum Brands Holdings,2998.1,-24.40,189.60 ,93.90,5340.4,3617.60 ,-209,12100
831,Euronet Worldwide,2995.4,20.70,70.70 ,-,4744.3,6658.20 ,16,8800
832,TEGNA,2991.1,1.80,477 ,-1.20,6917.6,4962.60 ,-76,6200
833,Vontier,2990.7,10.60,413 ,20.80,4349.8,4087.80 ,-32,8500
834,Cadence Design Systems,2988.2,11.40,696 ,17.80,4386.3,45781.70 ,-29,9298
835,Incyte,2986.3,12,948.60 ,-,4933.4,17577.60 ,-28,2094
836,Match Group,2983.3,24.80,277.70 ,116,5063.3,31007 ,28,2520
837,Valvoline,2981.0,26.70,420 ,32.50,3191.0,5660.50 ,43,9800
838,EnerSys,2977.9,-3.60,143.40 ,4.60,3462.8,3076 ,-107,11400
839,Avaya Holdings,2973.0,3.50,-13,-,5985.0,1076 ,-65,8063
840,UWM Holdings,2970.3,-39.90,98.40 ,-97.10,22528.4,7223.50 ,-311,8000
841,Zions Bancorp.,2970.0,1,1129 ,109.50,93200.0,9958.20 ,-87,9685
842,Quad/Graphics,2960.4,-1.60,37.80 ,-,1890.0,388.50 ,-96,15100
843,MKS Instruments,2949.6,26.60,551.40 ,57.50,4540.3,8327.60 ,45,6200
844,Arista Networks,2948.0,27.20,840.90 ,32.50,5734.4,42773.40 ,45,2993
845,Interactive Brokers Group,2938.0,18.50,308 ,57.90,109113.0,27961.70 ,3,2571
846,Range Resources,2930.2,48.80,411.80 ,-,6660.5,7964 ,120,527
847,Atkore,2928.0,65.90,587.90 ,286,2210.1,4415.60 ,-,3700
848,Cheesecake Factory,2927.5,47.60,72.40 ,-,2798.1,2098.60 ,111,45800
849,First Solar,2923.4,7.80,468.70 ,17.70,7413.7,8904.40 ,-51,4800
850,Bio-Rad Laboratories,2922.5,14.80,4245.90 ,11.60,17775.8,16982.20 ,-21,7900
851,Cooper Cos.,2922.5,20.20,2944.70 ,1135.20,9606.2,20587.80 ,2,12000
852,Envista Holdings,2922.4,28.10,340.50 ,922.50,6574.2,7882.50 ,48,11200
853,Alight,2915.0,6.90,-60,-,10988.0,5542.20 ,-,16000
854,Newmark Group,2906.4,52.60,750.70 ,837.70,5216.2,3009.90 ,129,6169
855,PC Connection,2892.6,11.70,69.90 ,25.40,1083.4,1375.80 ,-38,2542
856,Host Hotels & Resorts,2890.0,78.40,-11,-,12352.0,13875.90 ,-,160
857,Boston Properties,2888.6,4.40,505.20 ,-42.10,22365.3,20179.90 ,-67,743
858,Western Midstream Partners,2877.2,3.80,916.30 ,73.90,11273.1,10177.40 ,-69,1127
859,Magellan Midstream Partners,2870.1,18.20,982 ,20.20,8030.0,10422.10 ,-4,1715
860,Hillenbrand,2864.8,13.80,249.90 ,-,4014.9,3216.20 ,-24,10500
861,Donaldson,2853.9,10.50,286.90 ,11.60,2400.2,6416.40 ,-40,13100
862,Moog,2852.0,-1.10,157.20 ,1608,3433.2,2814.60 ,-91,14000
863,Hawaiian Electric Industries,2850.4,10.50,246.20 ,24.40,15822.6,4630 ,-41,3623
864,Five Below,2848.4,45.20,278.80 ,126,2880.5,8825 ,105,13150
865,Twilio,2841.8,61.30,-949.90,-,12998.6,29916.90 ,-,7867
866,Univision Communciations,2841.0,11.80,133.70 ,-,14055.4,-,-36,-
867,Annaly Capital Management,2836.2,1188.50,2389.90 ,-,76764.1,10281 ,-,171
868,Fleetcor Technologies,2833.7,18.60,839.50 ,19.20,13404.7,19398.40 ,-3,9700
869,West Pharmaceutical Services,2831.6,31.90,661.80 ,91.20,3313.8,30508.20 ,56,10065
870,Green Plains,2827.2,47,-66,-,2159.8,1662.50 ,107,859
871,Cracker Barrel Old Country Store,2821.4,11.80,254.50 ,-,2391.7,2757.60 ,-38,70000
872,Virtu Financial,2811.5,-13.20,476.90 ,-26.50,10320.0,6622.10 ,-168,973
873,Teleflex,2809.6,10.70,485.40 ,44.70,6871.7,16642.10 ,-41,14000
874,Zynga,2800.5,41.80,-104.20,-,6358.9,10463.50 ,89,2952
875,ATI,2799.8,-6.10,-38.20,-,4285.2,3350.80 ,-126,6300
876,AppLovin,2793.1,92.50,35.40 ,-,6163.6,20696.80 ,-,1594
877,Waters,2785.9,17.80,692.80 ,32.80,3094.9,18783.40 ,-3,7800
878,Mutual of America Life Insurance,2784.8,83.60,50.70 ,-,28325.2,-,-,1146
879,Hovnanian Enterprises,2782.9,18.70,607.80 ,1093.50,2320.5,371.90 ,6,1784
880,Amica Mutual Insurance,2777.9,1.80,117.10 ,-36.30,6937.3,-,-87,3510
881,Caleres,2777.6,31.20,137 ,-,1843.9,727.50 ,54,7200
882,FTI Consulting,2776.2,12.80,235 ,11.50,3100.9,5400.10 ,-30,6780
883,Overstock.com,2773.8,8.80,389.40 ,595.30,1066.0,1897.80 ,-56,1350
884,Visteon,2773.0,8.80,41 ,-,2234.0,3056.10 ,-56,10000
885,G-III Apparel Group,2766.5,34.60,200.60 ,752,2742.5,1296.10 ,64,3250
886,ITT,2765.0,11.60,316.30 ,336.30,3565.4,6415.40 ,-37,9900
887,IDEX,2764.8,17.60,449.40 ,19,4917.2,14591.60 ,-6,7536
888,Popular,2764.8,6.20,934.90 ,84.50,75097.9,6252.30 ,-73,8351
889,Roku,2764.6,55.50,242.40 ,-,4082.1,16949.30 ,-,3000
890,Schnitzer Steel Industries,2758.6,61.10,165.10 ,-,1494.4,1445.20 ,-,3167
891,Brookdale Senior Living,2758.3,-22.10,-99.30,-221.10,6410.5,1308.30 ,-226,28545
892,Werner Enterprises,2734.4,15.30,259.10 ,53.20,2603.7,2697.90 ,-21,13525
893,Americold Realty Trust,2714.8,36.60,-30.50,-224.10,8216.2,7489.80 ,64,16275
894,SkyWest,2713.5,27.60,111.90 ,-,7125.9,1457.60 ,36,15205
895,Primerica,2709.7,22.20,373.40 ,-3.30,16123.2,5326.80 ,14,3170
896,McAfee,2701.0,-7.10,849 ,-,3422.0,-,-132,2262
897,Nu Skin Enterprises,2695.7,4.40,147.30 ,-23,1906.5,2385.60 ,-77,19600
898,Copart,2692.5,22.10,936.50 ,33.80,4562.1,29798.80 ,12,8600
899,PROG Holdings,2677.9,7.80,243.60 ,-,1621.8,1586.90 ,-53,2023
900,Splunk,2673.7,19.90,-1339.10,-,5790.9,23881.60 ,8,7000
901,MRC Global,2666.0,4.10,-14,-,1671.0,995.20 ,-75,2600
902,Stericycle,2646.9,-1.10,-27.80,-,5473.1,5415.50 ,-96,15465
903,Maxim Integrated Products,2632.5,20.10,827.30 ,26.40,4523.1,-,9,7100
904,Ensign Group,2627.5,9.40,194.70 ,14.20,2850.6,4958.30 ,-45,25900
905,SM Energy,2622.9,132.80,36.20 ,-,5234.0,4746.50 ,-,506
906,Kaiser Aluminum,2622.0,123.60,-18.50,-164.20,2422.4,1493.90 ,-,3957
907,Federated Mutual Insurance,2612.2,14.10,320.10 ,61.50,10537.4,-,-10,2702
908,F5,2603.4,10.70,331.20 ,7.70,4997.3,12691.20 ,-26,6429
909,Steelcase,2596.2,-30.30,26.10 ,-86.90,2354.0,1339.50 ,-264,11400
910,Encore Wire,2592.7,103,541.40 ,611.80,1530.5,2250.30 ,-,1440
911,Guess,2591.6,38.10,171.40 ,-,2555.6,1305.50 ,79,12500
912,Playtika Holding,2583.0,8.90,308.50 ,235,2803.3,7965.80 ,-40,4000
913,Pinterest,2578.0,52.30,316.40 ,-,3537.2,16196.90 ,-,3225
914,WeWork,2570.1,-24.80,-4439,-,21756.2,4937.40 ,-,4400
915,ManTech International,2554.0,1.40,137 ,13.70,2639.6,3517.60 ,-80,9800
916,BrightView Holdings,2553.6,8.80,46.30 ,-,3237.6,1351.50 ,-32,20150
917,NortonLifeLock,2552.0,-33.90,554 ,-85.70,6361.0,15441.90 ,-286,2800
918,Deckers Outdoor,2545.6,19.40,382.60 ,38.50,2167.7,7457.80 ,11,3400
919,Griffon,2541.7,5.60,79.20 ,48.30,2604.7,1127.80 ,-61,6700
920,AMC Entertainment Holdings,2527.9,103.50,-1269.10,-,10821.5,12733.40 ,-,17122
921,Curtiss-Wright,2505.9,4.80,267.20 ,32.70,4103.5,5771 ,-58,7800
922,MYR Group,2498.3,11.20,85 ,44.70,1121.1,1594.50 ,-16,7600
923,Kontoor Brands,2475.9,-,195.40 ,-,1533.0,2325.30 ,-,14000
924,Liberty Energy,2470.8,155.80,-179.20,-,2040.7,2757.90 ,-,3601
925,Knights of Columbus,2467.5,4.90,130.30 ,37.20,28838.4,-,-47,749
926,AdaptHealth,2465.1,133.40,156.20 ,-,5250.5,2146.60 ,-,10700
927,MillerKnoll,2465.1,-0.90,173.10 ,-,2061.9,2617.70 ,-84,7600
928,Equity Residential,2464.0,-4.20,1332.90 ,45.90,21169.2,33802.50 ,-104,2400
929,DexCom,2448.5,27.10,154.70 ,-68.70,4863.6,49824.50 ,47,6650
930,Rollins,2424.3,12.20,350.70 ,34.50,1980.9,17260.70 ,-9,16482
931,Genesco,2422.1,35.60,114.90 ,-,1562.1,868.70 ,-,11700
932,Bruker,2417.9,21.70,277.10 ,75.60,3650.0,9694.70 ,26,7765
933,Joann,2417.6,-12.50,56.70 ,-73.30,2362.2,463.20 ,-142,13530
934,Wolverine World Wide,2414.9,34.80,68.60 ,-,2586.4,1836.10 ,-,4400
935,Gray Television,2413.0,1.30,90 ,-78,11108.0,2093.20 ,-68,8801
936,Affiliated Managers Group,2412.4,19,565.70 ,179.80,8876.4,5606.80 ,15,4050
937,Summit Materials,2409.7,3.30,152.20 ,10.30,4239.1,3687.80 ,-50,5500
938,SLM,2409.3,2.40,1160.50 ,31.80,29221.9,5129.70 ,-59,1450
939,Belden,2408.1,22.10,63.90 ,-,3417.7,2492.50 ,25,7400
940,Allison Transmission Holdings,2402.0,15.40,442 ,47.80,4457.0,3810.60 ,3,3400
941,Element Solutions,2399.8,29.50,203.30 ,168.60,5138.4,5434.80 ,-,5300
942,Portland General Electric,2396.0,11.70,244 ,57.40,9494.0,4940 ,-16,2839
943,REV Group,2380.8,4.50,44.40 ,-,1238.3,843.40 ,-41,6800
944,Acadia Healthcare,2376.9,-25.90,190.60 ,-,4768.1,5891.30 ,-235,19200
945,Alexandria Real Estate Equities,2373.6,2.90,571.20 ,-25.90,30219.4,32188.60 ,-55,559
946,Nordson,2362.2,11.40,454.40 ,82.10,3791.0,13157.10 ,-12,6813
947,NewMarket,2356.1,17.20,190.90 ,-29.40,2558.4,3346.70 ,7,2104
948,Ohio National Mutual,2346.5,7.50,-85.20,-177495.80,40795.0,-,-34,1082
949,Stepan,2346.0,25.50,137.80 ,8.70,2065.6,2215.60 ,43,2439
950,Valhi,2335.4,24.30,127.20 ,130.40,3005.2,828.80 ,39,2847
951,Hilton Grand Vacations,2335.0,161.20,176 ,-,8008.0,6247.90 ,-,13000
952,Cooper-Standard Holdings,2330.2,-1.90,-322.80,-,2226.5,149 ,-82,21300
953,Etsy,2329.1,35,493.50 ,41.30,3831.8,15787.70 ,-,2402
954,Crocs,2313.4,66.90,725.70 ,132,1545.1,4676.20 ,-,5770
955,Olympic Steel,2312.3,87.40,121.10 ,-,1023.6,427.80 ,-,1642
956,Signature Bank,2311.3,15.20,918.40 ,73.80,118445.4,18416.90 ,-,1854
957,SBA Communications,2308.8,10.80,237.60 ,885.80,9801.7,37168.70 ,-15,1596
958,Murphy Oil,2300.1,16.70,-73.70,-,10304.9,6275.30 ,7,696
959,Entegris,2298.9,23.60,409.10 ,38.70,3191.9,17830.90 ,38,6850
960,AvalonBay Communities,2294.9,-0.30,1004.30 ,21.30,19902.0,34710.30 ,-64,2883
961,Saia,2288.7,25.60,253.20 ,83.10,1845.3,6438.40 ,-,11600
962,E.W. Scripps,2283.5,19.20,122.70 ,-54.40,6658.3,1718.30 ,17,5600
963,TTEC Holdings,2273.1,16.60,141 ,18.80,1996.8,3878 ,11,65000
964,Sun Communities,2272.6,62.50,380.20 ,188.80,13494.1,20372.80 ,-,5455
965,Alpha Metallurgical Resources,2258.6,36.70,288.80 ,-,1857.7,2447.50 ,-,3500
966,GEO Group,2256.6,-4,77.40 ,-31.50,4537.4,809.80 ,-83,15800
967,Viasat,2256.1,-2.30,3.70 ,-,5349.5,3630.40 ,-75,5800
968,Benchmark Electronics,2255.3,9.80,35.80 ,154.50,1903.9,881.40 ,-18,10900
969,Kar Auction Services,2251.6,2.90,66.50 ,13200,7417.2,2187.30 ,-56,8928
970,TTM Technologies,2248.7,-,54.40 ,-69.40,3025.5,1506.20 ,-65,16100
971,Kirby,2246.7,3.50,-247,-,5399.1,4345.90 ,-51,5125
972,Woodward,2245.8,-10,208.60 ,-13.20,4091.0,7882.40 ,-130,7200
973,Clear Channel Outdoor Holdings,2241.1,20.80,-433.80,-,5299.4,1630.90 ,27,4600
974,Spire,2235.5,20.50,271.70 ,206.70,9356.4,3713.60 ,25,3710
975,Vista Outdoor,2225.5,26.70,266 ,-,1764.9,2007.90 ,-,5900
976,Surgery Partners,2225.1,19.60,-70.90,-,6117.6,4919.10 ,20,9600
977,LHC Group,2219.6,7.60,115.70 ,3.70,2895.6,5229.60 ,-30,23000
978,Amedisys,2214.1,6.90,209.10 ,13.90,1857.0,5603.90 ,-39,21000
979,Century Aluminum,2212.5,37.80,-167.10,-,1569.9,2400.30 ,-,2512
980,Arch Resources,2208.0,50.50,337.60 ,-,2117.2,2126.20 ,-,3303
981,Aerojet Rocketdyne Holdings,2188.0,5.60,143.70 ,4.40,2433.6,3169.40 ,-36,5000
982,Sleep Number,2184.9,17.70,153.70 ,10.50,919.5,1123.70 ,16,5388
983,HNI,2184.4,11.70,59.80 ,42.70,1497.9,1568.70 ,-12,8000
984,Pure Storage,2180.8,29.50,-143.30,-,3135.3,10238 ,-,4200
985,TrueBlue,2173.6,17.70,61.60 ,-,1033.2,995.60 ,-,6400
986,Party City Holdco,2171.1,17.30,-6.50,-,2711.9,402.60 ,-,11450
987,Dun & Bradstreet Holdings,2165.6,24.60,-71.70,-,9997.2,7554 ,-,6296
988,Dropbox,2157.9,12.70,335.80 ,-,3091.3,8873.50 ,-8,2667
989,New Jersey Resources,2156.6,10.40,117.90 ,-39.20,5722.3,4405.40 ,-17,1251
990,Acushnet Holdings,2147.9,33.20,178.90 ,86.30,2005.8,2914 ,-,6500
991,Harsco,2147.0,14.60,-3.20,-,3053.9,969.70 ,-,12000
992,Beazer Homes USA,2140.3,0.60,122 ,133.60,2078.8,478.80 ,-61,1052
993,Chemed,2139.3,2.90,268.60 ,-15.90,1342.7,7592.50 ,-49,14137
994,Genesis Energy,2125.5,16.50,-165.10,-,5905.8,1435.40 ,-,1898
995,BWX Technologies,2124.1,-,305.90 ,9.80,2501.4,4925.60 ,-63,6600
996,Vizio Holding,2124.0,4,-39.40,-138.40,935.8,1705.10 ,-,800
997,1-800-Flowers.com,2122.2,42.50,118.70 ,101.10,1076.7,830 ,-,4800
998,Cowen,2112.8,30.20,295.60 ,36.60,8748.8,744.10 ,-,1534
999,Ashland Global Holdings,2111.0,-11.20,220 ,-,6612.0,5601.90 ,-130,4100
"1,000",DocuSign,2107.2,45,-70,-,2541.3,21302.80 ,-,7461
